c28992r1000,Residents,0-15 y.o.,15-25 y.o.,25-45 y.o.,45-65 y.o.,65+ y.o.,Pct Dutch,Pct Western,Pct Non-western,One-person hh,Multi-person hh w/o kids,Single-parent hh,Multi-person hh w kids,Pct low-income hh,Pct high-income hh,Ppl w benefits,Buildings,Buildings pre-1945,Buildings 45-65,Buildings 65-75,Buildings 75-85,Buildings 85-95,Buildings 95-05,Buildings 05-15,Buildings 2015+,Pct owner-occupied houses,Pct rented houses,label,geometry,Shopping,Cafe & restaurants,"Entertainment, arts & culture",Childcare,Primary education,Secondary & higher education,National or provincial road,Train station,GP,Hospital 9-17,Hospital 24h,Pharmacy,GP station,Distance to centre
6,1020,95,140,210,415,150,57.5,20.0,22.5,145,85,15,60,8.95,5.025,350,470,0,25,0,0,95,270,60,0,35.0,65.0,2,"POLYGON ((75000 451000, 75000 452000, 74000 452000, 74000 451000, 75000 451000))",1.1875,1.75,6.075,1.7,1.75,1.35,2.4,7.6,2.25,4.65,4.65,2.25,4.45,0.8245057379603256
8,245,20,20,30,70,100,17.5,7.5,2.5,50,50,5,20,6.2,10.125,10,130,0,0,40,45,0,40,0,0,20.0,5.0,1,"POLYGON ((75000 453000, 75000 454000, 74000 454000, 74000 453000, 75000 453000))",0.6,0.375,2.7874999999999996,0.475,0.9,0.525,1.925,3.675,1.1,2.0,2.0,0.875,2.3,0.7537523503435246
11,1725,260,180,360,565,365,65.0,25.0,17.5,325,225,60,200,10.3,3.05,70,830,0,0,40,610,0,55,100,15,75.0,25.0,3,"POLYGON ((76000 451000, 76000 452000, 75000 452000, 75000 451000, 76000 451000))",1.0375,0.85,6.0375,1.0125000000000002,1.3,1.275,1.55,6.9,1.775,3.8,3.8,1.775,3.625,0.7239048818260799
12,5775,645,390,1135,1470,2125,70.0,10.0,12.5,1865,805,285,365,44.525,4.4,600,3575,595,465,1390,495,300,140,175,0,45.0,52.5,3,"POLYGON ((76000 452000, 76000 453000, 75000 453000, 75000 452000, 76000 452000))",0.475,0.5,6.012499999999999,0.5625,0.575,0.8,2.3,6.25,0.9,3.325,3.325,0.75,3.2,0.6747077488146769
13,4140,210,175,600,930,2220,72.5,17.5,10.0,1570,735,95,170,52.075,10.6,380,2855,40,715,1465,165,220,45,160,50,47.5,52.5,3,"POLYGON ((76000 453000, 76000 454000, 75000 454000, 75000 453000, 76000 453000))",0.4625,0.575,5.0,0.525,0.675,0.675,3.375,6.2,1.125,3.425,3.425,0.7,3.6,0.6421646355649774
17,880,120,75,200,220,265,35.0,2.5,10.0,350,75,50,55,21.2,0.425,195,495,0,345,130,0,0,10,0,0,0.0,25.0,3,"POLYGON ((77000 450000, 77000 451000, 76000 451000, 76000 450000, 77000 450000))",1.0875,1.175,3.1625,1.0375,1.05,1.35,0.925,4.275,1.2,3.0,3.0,1.15,2.85,0.6991751357283942
18,5310,875,530,1290,1580,1035,60.0,12.5,27.5,835,650,190,690,21.675,17.625,390,2365,0,140,170,1780,175,5,0,75,50.0,50.0,0,"POLYGON ((77000 451000, 77000 452000, 76000 452000, 76000 451000, 77000 451000))",0.6000000000000001,0.575,5.2875,0.7,0.725,1.75,1.4,5.675,1.025,2.55,2.55,1.025,2.35,0.6277638699215577
19,10265,1515,965,2595,3095,2090,65.0,10.0,20.0,2175,1280,545,1035,47.3,11.875,1240,5195,1100,195,590,2325,760,55,95,65,47.5,52.5,2,"POLYGON ((77000 452000, 77000 453000, 76000 453000, 76000 452000, 77000 452000))",0.45,0.475,5.387499999999999,0.4125,0.425,0.875,2.45,5.325,0.325,2.3,2.3,0.55,2.15,0.5703348313869847
20,8365,1110,675,1700,2285,2595,67.5,17.5,15.0,2020,1110,330,755,39.925,15.925,715,4500,520,1830,555,1420,60,0,115,0,55.0,45.0,2,"POLYGON ((77000 453000, 77000 454000, 76000 454000, 76000 453000, 77000 453000))",0.5,0.575,4.425000000000001,0.3875,0.475,0.4,3.6,5.2,0.425,2.65,2.65,0.55,2.625,0.5314403005664058
21,3120,500,345,430,1000,840,72.5,20.0,7.5,485,390,100,385,20.0,43.525,95,1595,160,1185,0,0,220,25,0,0,75.0,25.0,1,"POLYGON ((77000 454000, 77000 455000, 76000 455000, 76000 454000, 77000 454000))",0.75,0.775,3.5374999999999996,0.3625,0.425,0.75,4.675,5.6,0.6,1.975,1.975,1.0,3.4,0.5152943690174172
25,9590,1795,1095,2535,2345,1810,32.5,10.0,57.5,2125,790,600,985,65.05,6.6,1695,4330,0,2540,350,255,605,365,185,25,25.0,75.0,2,"POLYGON ((78000 450000, 78000 451000, 77000 451000, 77000 450000, 78000 450000))",0.375,0.875,3.8375000000000004,0.3375,0.375,0.55,1.225,4.525,0.625,3.125,3.125,0.5,2.925,0.6202529818902834
26,8465,1865,1055,2700,1925,925,32.5,12.5,55.0,1750,585,510,970,60.075,8.275,1400,3610,0,2640,220,20,225,120,355,35,32.5,67.5,1,"POLYGON ((78000 451000, 78000 452000, 77000 452000, 77000 451000, 78000 451000))",0.3625,0.45,4.6875,0.375,0.375,1.2,2.1,4.425,0.625,1.875,1.875,0.675,1.675,0.5384769094824512
27,6095,985,710,1225,1640,1520,62.5,12.5,25.0,985,685,265,695,37.05,19.475,580,2760,5,90,125,1735,690,70,5,40,57.5,42.5,1,"POLYGON ((78000 452000, 78000 453000, 77000 453000, 77000 452000, 78000 452000))",0.5875,0.475,4.75,0.4875,0.45,1.5,2.7,4.225,0.575,1.3,1.3,0.575,1.225,0.4702698851364818
28,10105,1570,930,2665,2865,2085,70.0,20.0,15.0,2285,1215,470,1085,40.275,17.375,795,5125,3470,140,550,240,375,240,70,35,60.0,40.0,1,"POLYGON ((78000 453000, 78000 454000, 77000 454000, 77000 453000, 78000 453000))",0.3375,0.325,3.8375,0.325,0.525,0.825,3.775,4.1,0.65,1.8,1.8,0.575,2.025,0.4222591646238322
29,9620,1650,925,2350,2755,1940,72.5,20.0,10.0,1790,1110,395,1175,30.125,26.175,515,4585,3690,615,0,0,105,65,80,25,75.0,25.0,1,"POLYGON ((78000 454000, 78000 455000, 77000 455000, 77000 454000, 78000 454000))",0.475,0.4,2.7625,0.2625,0.425,0.4,5.025,4.75,0.25,1.4,1.4,0.425,3.125,0.4017516454416148
30,3590,680,375,575,1140,825,75.0,17.5,5.0,495,455,65,495,12.675,36.775,85,1580,1070,465,0,0,40,0,0,0,80.0,20.0,0,"POLYGON ((78000 455000, 78000 456000, 77000 456000, 77000 455000, 78000 455000))",0.6125,0.65,2.1375,0.3125,0.35,0.85,6.05,5.25,0.45,0.625,0.625,1.025,3.75,0.412866082363671
31,5985,1125,540,1665,1785,870,60.0,7.5,7.5,1200,630,305,725,36.675,10.825,705,2915,1470,200,0,45,90,220,760,120,32.5,42.5,2,"POLYGON ((78000 456000, 78000 457000, 77000 457000, 77000 456000, 78000 456000))",0.2625,0.625,1.5125,0.275,0.3,1.0,4.625,4.425,0.25,1.1,1.1,0.275,2.975,0.4532821885787912
34,8260,1765,945,2565,1825,1150,32.5,12.5,55.0,1585,650,435,970,51.5,15.925,1135,3455,0,1900,0,0,170,455,820,100,35.0,65.0,2,"POLYGON ((79000 450000, 79000 451000, 78000 451000, 78000 450000, 79000 450000))",0.7124999999999999,0.55,3.75,0.5625,0.675,0.675,1.625,3.5,0.675,3.275,3.15,0.75,3.075,0.5535363301867191
35,9375,1870,1015,3100,2200,1190,30.0,10.0,60.0,2185,795,505,1050,55.95,10.875,1440,4490,0,2335,90,0,360,460,960,290,35.0,65.0,0,"POLYGON ((79000 451000, 79000 452000, 78000 452000, 78000 451000, 79000 451000))",0.4,0.375,4.4375,0.275,0.35,1.25,2.675,3.3,0.525,1.85,1.775,0.575,1.8,0.46005224537013706
36,11210,1815,1255,3665,3000,1470,50.0,15.0,32.5,2855,1145,660,1150,52.025,10.175,1385,5665,1525,3405,140,0,170,220,110,95,50.0,50.0,0,"POLYGON ((79000 452000, 79000 453000, 78000 453000, 78000 452000, 79000 452000))",0.375,0.325,3.9,0.35,0.35,1.85,3.5,3.075,0.7,1.05,1.05,0.475,1.225,0.3779503337324219
37,13525,2105,1400,4740,3265,2020,52.5,22.5,22.5,3315,1600,730,1330,49.25,7.9,1305,6905,4270,830,1595,30,0,85,90,0,55.0,42.5,1,"POLYGON ((79000 453000, 79000 454000, 78000 454000, 78000 453000, 79000 453000))",0.3125,0.275,3.1875,0.35,0.4,1.35,4.0,3.0,0.4,1.65,1.65,0.4,1.875,0.3162238445081452
38,16380,2575,1830,6145,4160,1680,52.5,22.5,22.5,4520,1805,845,1570,47.925,14.65,1520,8500,8310,0,0,55,20,110,5,0,52.5,47.5,4,"POLYGON ((79000 454000, 79000 455000, 78000 455000, 78000 454000, 79000 454000))",0.2625,0.175,2.225,0.2625,0.375,0.6,5.1,3.7,0.275,1.35,1.35,0.4,2.35,0.2882727085807141
39,8375,1310,665,2315,2285,1810,62.5,30.0,7.5,2175,1085,320,825,38.9,21.725,460,4615,2870,975,40,150,280,145,150,0,60.0,37.5,1,"POLYGON ((79000 455000, 79000 456000, 78000 456000, 78000 455000, 79000 455000))",0.35,0.3,1.2999999999999998,0.30000000000000004,0.375,0.325,5.475,4.375,0.425,0.8,0.8,0.45,2.525,0.3035741233704759
40,9845,1840,1045,2605,2855,1500,60.0,32.5,10.0,2005,1085,370,1195,32.075,31.25,505,4950,4585,105,30,45,40,135,15,0,62.5,35.0,0,"POLYGON ((79000 456000, 79000 457000, 78000 457000, 78000 456000, 79000 456000))",0.35,0.225,1.0,0.375,0.35,0.525,5.075,4.9,0.525,1.675,1.675,0.55,3.1,0.35660298618781106
41,6970,965,605,1720,1945,1740,72.5,17.5,10.0,1810,890,295,645,45.775,21.625,655,4050,2240,120,375,620,155,260,85,200,47.5,52.5,0,"POLYGON ((79000 457000, 79000 458000, 78000 458000, 78000 457000, 79000 457000))",0.2875,0.275,1.4,0.375,0.8,1.075,4.975,5.35,0.5,2.7,2.7,0.65,3.925,0.433735363678206
42,2835,355,235,880,805,565,76.66666666666667,16.666666666666668,6.666666666666667,895,400,115,230,39.36666666666667,8.3,255,1760,1155,30,30,365,110,30,55,0,40.0,56.666666666666664,3,"POLYGON ((79000 458000, 79000 459000, 78000 459000, 78000 458000, 79000 458000))",0.4833333333333334,0.3333333333333333,1.0166666666666666,0.31666666666666665,1.0333333333333332,1.3666666666666665,4.566666666666666,5.466666666666666,0.46666666666666673,3.466666666666667,3.466666666666667,0.5666666666666667,4.766666666666667,0.5244417622758808
46,4595,1100,420,1410,1060,605,47.5,12.5,37.5,525,315,190,685,44.675,21.9,475,1610,30,240,0,0,20,405,715,185,40.0,60.0,3,"POLYGON ((80000 450000, 80000 451000, 79000 451000, 79000 450000, 80000 450000))",0.725,0.625,4.0,0.4875,0.6,1.275,2.6,2.825,0.7,3.4,2.85,0.775,3.375,0.5038968789368262
47,10180,1840,1015,3150,2410,1780,30.0,15.0,57.5,3000,805,695,835,72.425,4.8,2130,5390,0,3695,300,55,285,640,345,55,10.0,90.0,3,"POLYGON ((80000 451000, 80000 452000, 79000 452000, 79000 451000, 80000 451000))",0.35,0.3,3.8625,0.32499999999999996,0.425,0.925,2.975,2.05,0.5,2.55,1.525,0.475,2.75,0.39894812689616044
48,975,200,95,340,240,85,35.0,17.5,47.5,235,80,65,95,19.925,0.65,200,465,95,365,0,0,0,0,0,0,35.0,65.0,1,"POLYGON ((80000 452000, 80000 453000, 79000 453000, 79000 452000, 80000 452000))",0.375,0.3,3.05,0.4,0.425,0.775,3.775,1.925,0.6,2.0,1.2,0.6,2.125,0.30059933782640663
49,19710,3950,2685,7090,4400,1590,25.0,27.5,50.0,3920,1700,895,2330,50.175,8.8,2165,7975,6210,20,30,295,470,185,745,10,47.5,52.5,5,"POLYGON ((80000 453000, 80000 454000, 79000 454000, 79000 453000, 80000 453000))",0.2,0.2,2.4375,0.2375,0.325,0.975,4.25,2.225,0.325,1.65,1.575,0.375,1.675,0.21797481172888247
50,15610,2315,2015,5885,3705,1690,37.5,17.5,45.0,4600,1545,750,1370,59.0,11.375,2125,8075,5470,95,5,380,1135,365,590,15,27.5,72.5,4,"POLYGON ((80000 454000, 80000 455000, 79000 455000, 79000 454000, 80000 454000))",0.3,0.15,1.8624999999999998,0.2625,0.325,0.65,4.375,3.025,0.25,1.2,1.2,0.325,1.225,0.17498190973603475
51,12790,1940,1360,4830,3225,1450,57.5,27.5,15.0,3615,1495,375,1185,39.775,28.575,965,6545,5570,300,50,215,365,10,25,0,45.0,50.0,0,"POLYGON ((80000 455000, 80000 456000, 79000 456000, 79000 455000, 80000 455000))",0.3,0.2,1.0875,0.21250000000000002,0.45,0.475,4.45,3.35,0.3,1.45,1.45,0.35,1.575,0.19919036633774317
52,1945,290,260,500,490,415,37.5,30.0,7.5,585,245,40,185,17.075,16.775,70,1210,455,285,10,35,215,135,50,0,32.5,35.0,2,"POLYGON ((80000 456000, 80000 457000, 79000 457000, 79000 456000, 80000 456000))",0.65,0.55,0.7375,0.4125,0.425,0.675,4.25,3.925,0.575,2.1,2.1,0.75,2.725,0.27328978537121723
53,5055,815,540,1100,1410,1200,57.5,27.5,15.0,1105,585,165,540,26.075,28.525,380,2760,1760,65,170,395,145,35,65,120,55.0,40.0,1,"POLYGON ((80000 457000, 80000 458000, 79000 458000, 79000 457000, 80000 457000))",0.5125,0.45,1.1875,0.32499999999999996,0.625,0.475,3.9999999999999996,4.5,0.575,2.8,2.8,0.7,3.875,0.3683070322873758
54,10230,1435,1400,2770,2675,1955,62.5,22.5,12.5,3095,1240,410,940,43.025,23.5,710,5675,3325,110,115,915,515,460,150,80,50.0,50.0,4,"POLYGON ((80000 458000, 80000 459000, 79000 459000, 79000 458000, 80000 458000))",0.32499999999999996,0.225,0.525,0.35,0.45,0.8,3.65,4.975,0.45,2.95,2.95,0.65,5.075,0.47176792766320175
55,1105,130,140,225,340,270,30.0,10.0,7.5,335,145,25,110,17.7,13.275,40,725,95,165,0,0,370,60,35,0,32.5,15.0,2,"POLYGON ((80000 459000, 80000 460000, 79000 460000, 79000 459000, 80000 459000))",0.075,0.1,0.3125,0.4,0.45,0.65,1.775,2.7,0.475,1.425,1.425,0.45,2.875,0.5791648417703272
57,5055,955,755,1115,1735,490,52.5,10.0,37.5,400,410,215,805,20.9,37.85,420,1795,0,0,0,0,0,1795,0,0,72.5,27.5,3,"POLYGON ((81000 448000, 81000 449000, 80000 449000, 80000 448000, 81000 448000))",0.4375,0.5,4.75,0.2625,0.4,1.925,0.875,3.725,0.425,4.775,4.75,0.475,4.75,0.7032799188183257
58,3895,720,495,785,1285,610,66.66666666666667,10.0,23.333333333333332,330,450,95,620,28.7,39.36666666666667,165,1470,30,5,135,95,0,945,155,95,66.66666666666667,33.333333333333336,0,"POLYGON ((81000 449000, 81000 450000, 80000 450000, 80000 449000, 81000 449000))",0.7833333333333334,0.9333333333333332,3.916666666666667,0.38333333333333336,0.7666666666666666,1.5333333333333332,2.033333333333333,2.5666666666666664,0.9333333333333332,4.833333333333333,3.966666666666667,0.9333333333333332,4.9,0.5898695694803426
60,6885,1590,785,2375,1425,705,17.5,7.5,47.5,1770,430,460,695,52.5,5.7,1355,3445,0,2215,325,0,285,25,450,145,7.5,67.5,3,"POLYGON ((81000 451000, 81000 452000, 80000 452000, 80000 451000, 81000 451000))",0.5125,0.575,3.2375,0.36250000000000004,0.5,0.8,2.85,1.3,0.675,3.425,1.9,0.7,3.525,0.36399460375810827
61,12005,2445,1650,3850,2995,1055,20.0,15.0,60.0,2675,860,790,1310,63.9,7.0,2015,5055,1610,1945,445,55,0,990,10,0,25.0,72.5,0,"POLYGON ((81000 452000, 81000 453000, 80000 453000, 80000 452000, 81000 452000))",0.42500000000000004,0.325,2.45,0.4375,0.375,0.925,3.65,0.825,0.675,2.45,1.55,0.7,2.45,0.25237741050442325
62,21260,4350,3470,6140,5350,1950,7.5,12.5,80.0,3885,1180,1195,2550,61.1,9.025,3630,7810,2720,0,65,585,1980,1805,460,180,30.0,67.5,0,"POLYGON ((81000 453000, 81000 454000, 80000 454000, 80000 453000, 81000 453000))",0.2,0.175,1.6625,0.25,0.225,0.65,3.175,1.75,0.325,1.175,1.15,0.35,1.175,0.1443931068769175
63,16000,2330,2200,5310,4310,1845,35.0,15.0,50.0,4630,1590,830,1345,59.35,10.325,2725,8320,3455,175,375,1220,2005,680,140,260,25.0,75.0,0,"POLYGON ((81000 454000, 81000 455000, 80000 455000, 80000 454000, 81000 454000))",0.35,0.2,0.9874999999999999,0.275,0.3,0.525,3.2,2.025,0.325,0.625,0.625,0.375,0.625,0.06290467668099028
64,10600,1210,1380,4260,2575,1175,52.5,27.5,25.0,4165,1290,390,690,50.95,19.275,1015,6170,4065,300,220,310,1015,115,95,40,27.5,67.5,4,"POLYGON ((81000 455000, 81000 456000, 80000 456000, 80000 455000, 81000 455000))",0.21250000000000002,0.125,0.8625,0.3125,0.65,0.7,3.4,2.25,0.525,1.45,1.45,0.425,1.45,0.11409265540320349
65,5035,695,495,1145,1520,1185,57.5,30.0,12.5,1490,645,135,465,26.4,23.775,230,3015,1700,95,15,650,95,435,15,10,60.0,37.5,3,"POLYGON ((81000 456000, 81000 457000, 80000 457000, 80000 456000, 81000 456000))",0.38749999999999996,0.3,1.2125,0.38749999999999996,0.525,1.2,3.3,2.825,0.375,2.225,2.225,0.425,2.75,0.21915671251027968
66,925,110,90,100,235,375,60.0,25.0,7.5,170,160,15,75,7.85,29.25,15,480,240,25,0,115,25,55,15,0,75.0,20.0,5,"POLYGON ((81000 457000, 81000 458000, 80000 458000, 80000 457000, 81000 457000))",1.1749999999999998,0.75,1.625,0.675,0.85,1.1,2.775,3.4,1.025,1.775,1.775,1.175,4.05,0.3301431163451248
67,3605,645,380,620,1080,865,67.5,20.0,10.0,485,410,70,455,14.325,36.95,175,1645,1005,370,0,0,150,80,25,5,70.0,25.0,2,"POLYGON ((81000 458000, 81000 459000, 80000 459000, 80000 458000, 81000 458000))",0.825,0.5,1.3250000000000002,0.32499999999999996,0.325,1.225,2.525,4.475,0.925,1.825,1.825,0.6,5.075,0.44261886280344265
71,13870,2425,1980,4860,3440,1170,27.5,22.5,50.0,3405,1165,725,1500,60.45,7.6,1885,6295,3965,285,205,200,150,505,490,490,32.5,67.5,5,"POLYGON ((82000 452000, 82000 453000, 81000 453000, 81000 452000, 82000 452000))",0.2875,0.275,1.7374999999999998,0.4,0.35,0.65,3.075,1.05,0.35,2.625,2.475,0.425,2.7,0.2506984461327264
72,14340,2685,2895,4270,3225,1270,10.0,12.5,75.0,3535,850,890,1455,63.7,8.275,2515,5920,780,0,50,885,2140,700,765,595,15.0,85.0,0,"POLYGON ((82000 453000, 82000 454000, 81000 454000, 81000 453000, 82000 453000))",0.3125,0.275,1.325,0.375,0.45,0.925,2.425,1.125,0.375,1.775,1.775,0.4,1.775,0.1414448371719319
73,14900,1975,2480,5425,3455,1565,32.5,20.0,47.5,5600,1480,790,960,64.025,9.3,2345,8405,3110,85,195,1890,1925,735,300,170,10.0,90.0,1,"POLYGON ((82000 454000, 82000 455000, 81000 455000, 81000 454000, 82000 454000))",0.1875,0.125,0.6625,0.3125,0.525,0.7,1.9,0.85,0.275,1.475,1.475,0.375,1.475,0.05582305243883496
74,4165,350,435,1835,990,560,45.0,35.0,20.0,1725,670,90,220,34.3,17.45,225,2860,1790,30,0,225,135,400,260,5,35.0,60.0,0,"POLYGON ((82000 455000, 82000 456000, 81000 456000, 81000 455000, 82000 455000))",0.3,0.125,0.6,0.5375,0.75,0.725,2.2,1.375,0.85,1.925,1.925,0.6,1.95,0.11035539921531208
75,4755,785,420,1355,1260,935,60.0,30.0,10.0,1255,565,105,490,33.075,40.7,165,2820,2065,220,245,265,0,10,0,5,47.5,52.5,3,"POLYGON ((82000 456000, 82000 457000, 81000 457000, 81000 456000, 82000 456000))",0.45,0.25,1.4375,0.2875,0.425,0.55,2.375,2.0,0.45,1.5,1.5,0.575,3.25,0.21723911511997118
76,4365,945,425,940,1180,875,62.5,25.0,10.0,775,480,120,570,14.9,35.4,110,2045,1730,215,60,0,0,0,35,0,77.5,22.5,4,"POLYGON ((82000 457000, 82000 458000, 81000 458000, 81000 457000, 82000 457000))",0.6375,0.3,2.0999999999999996,0.4,0.4,0.575,1.475,2.875,0.325,0.425,0.425,0.375,4.3,0.32887635556133477
80,8935,1460,1135,3290,2000,1050,46.666666666666664,26.666666666666668,23.333333333333332,2135,1080,410,905,51.0,12.333333333333334,760,4225,3420,175,65,135,315,0,85,30,40.0,60.0,5,"POLYGON ((83000 452000, 83000 453000, 82000 453000, 82000 452000, 83000 452000))",0.35,0.3333333333333333,1.4666666666666668,0.3,0.3333333333333333,0.8333333333333334,2.2,1.9333333333333333,0.43333333333333335,1.9333333333333336,1.9333333333333336,0.3666666666666667,3.1666666666666665,0.2963546712631078
81,15070,2520,2770,5245,3330,1205,17.5,20.0,60.0,4155,1285,875,1395,61.85,6.275,2015,7045,3545,30,10,505,1500,1155,290,0,22.5,77.5,0,"POLYGON ((83000 453000, 83000 454000, 82000 454000, 82000 453000, 83000 453000))",0.2625,0.275,1.4625,0.275,0.3,0.7,2.175,1.25,0.375,2.075,2.075,0.425,3.0,0.21209645232965654
82,9120,1015,1800,3790,1860,655,27.5,17.5,55.0,3115,730,335,475,47.275,6.8,2095,4460,1615,0,0,625,435,530,670,570,15.0,82.5,4,"POLYGON ((83000 454000, 83000 455000, 82000 455000, 82000 454000, 83000 454000))",0.4375,0.275,1.35,0.5875,0.65,1.2,1.175,0.85,0.65,2.375,2.05,0.775,2.75,0.1676197537160171
83,5850,855,980,2070,1275,680,37.5,30.0,30.0,2100,605,215,485,43.875,22.375,485,3650,370,780,65,760,400,305,970,0,30.0,65.0,1,"POLYGON ((83000 455000, 83000 456000, 82000 456000, 82000 455000, 83000 455000))",0.35,0.2,1.4,0.38749999999999996,0.775,0.4,1.1,0.55,0.875,2.825,2.175,0.775,2.975,0.19277035818193514
84,4495,890,340,1220,1170,870,60.0,30.0,10.0,970,510,115,555,14.65,33.95,115,2280,1405,790,35,0,45,0,0,0,65.0,30.0,1,"POLYGON ((83000 456000, 83000 457000, 82000 457000, 82000 456000, 83000 456000))",0.3375,0.375,2.15,0.5125,0.575,0.6,2.175,1.775,0.825,1.75,1.675,0.45,3.7,0.26865755318305695
85,1550,145,105,190,305,795,67.5,30.0,7.5,500,240,25,105,16.4,27.325,15,1070,280,195,520,10,30,25,0,0,70.0,25.0,3,"POLYGON ((83000 457000, 83000 458000, 82000 458000, 82000 457000, 83000 457000))",0.5375000000000001,0.575,2.6875,0.8999999999999999,1.125,1.3,1.875,3.05,0.85,1.2,1.2,1.075,4.775,0.3648913243127793
86,565,0,0,20,65,475,23.333333333333332,6.666666666666667,3.3333333333333335,240,115,0,5,8.633333333333333,8.266666666666667,10,480,0,0,210,180,25,0,35,25,20.0,13.333333333333334,2,"POLYGON ((83000 458000, 83000 459000, 82000 459000, 82000 458000, 83000 458000))",0.4166666666666667,0.3666666666666667,2.183333333333333,0.5666666666666667,1.1666666666666667,1.2333333333333332,0.8333333333333334,2.733333333333333,0.9333333333333332,0.9,0.9,0.9666666666666667,3.4666666666666663,0.46911266218129505
92,2885,525,355,940,710,355,47.5,17.5,37.5,560,340,120,340,23.6,20.575,255,1440,545,245,10,175,135,295,0,30,30.0,70.0,0,"POLYGON ((84000 453000, 84000 454000, 83000 454000, 83000 453000, 84000 453000))",0.7,0.375,1.725,0.425,0.7,1.075,1.125,1.3,0.8,1.025,1.025,1.05,3.925,0.3094902681158253
93,7470,1285,695,2910,1760,820,42.5,15.0,17.5,1710,925,335,815,28.35,14.775,510,3655,2890,470,0,0,160,65,65,0,47.5,27.5,5,"POLYGON ((84000 454000, 84000 455000, 83000 455000, 83000 454000, 84000 454000))",0.5,0.2,1.5125,0.275,0.375,0.7,0.65,0.6,0.5,1.7,0.825,0.275,2.475,0.2808871155194179
94,9850,1295,915,4085,2240,1305,60.0,25.0,20.0,3030,1425,320,840,39.425,20.3,620,5460,4190,865,0,40,110,140,115,0,57.5,42.5,3,"POLYGON ((84000 455000, 84000 456000, 83000 456000, 83000 455000, 84000 455000))",0.3625,0.225,1.9375,0.2875,0.525,0.95,1.25,0.7,0.4,3.025,1.3,0.475,3.275,0.29658639879352616
95,3455,495,225,1185,865,685,55.0,22.5,20.0,995,495,135,310,30.6,12.175,210,1990,990,555,330,0,70,0,0,40,65.0,35.0,2,"POLYGON ((84000 456000, 84000 457000, 83000 457000, 83000 456000, 84000 456000))",0.6125,0.625,2.275,0.625,0.7,1.05,1.9,1.8,0.95,2.825,2.25,0.825,3.575,0.35068771753449984
96,225,10,0,5,50,145,60.0,33.333333333333336,3.3333333333333335,55,35,0,5,0.0,0.0,0,110,5,15,40,0,0,45,0,0,66.66666666666667,33.333333333333336,2,"POLYGON ((84000 457000, 84000 458000, 83000 458000, 83000 457000, 84000 457000))",1.5166666666666666,1.6333333333333335,3.316666666666667,1.35,1.9333333333333333,1.9333333333333333,1.6666666666666667,3.0,2.1,2.6333333333333333,2.6333333333333333,1.6666666666666667,4.266666666666667,0.4288969673039431
97,2220,425,300,530,720,240,65.0,7.5,20.0,210,205,85,345,15.775,15.075,180,825,50,0,0,0,215,455,100,0,50.0,22.5,0,"POLYGON ((85000 449000, 85000 450000, 84000 450000, 84000 449000, 85000 449000))",0.85,1.05,2.85,0.9125,1.175,2.0,0.9,3.5,1.6,4.725,3.625,1.625,4.95,0.7067334112384297
99,1270,290,220,200,485,75,32.5,10.0,10.0,45,100,15,240,4.3,38.3,20,400,0,0,0,0,0,400,0,0,47.5,2.5,0,"POLYGON ((85000 451000, 85000 452000, 84000 452000, 84000 451000, 85000 451000))",0.625,0.625,1.6749999999999998,0.375,0.525,0.275,0.875,1.375,0.475,1.925,1.1,0.475,3.325,0.5329470380706235
100,425,80,35,60,135,115,37.5,7.5,2.5,40,65,0,55,2.55,15.6,10,175,65,45,0,15,40,0,0,0,50.0,0.0,0,"POLYGON ((85000 452000, 85000 453000, 84000 453000, 84000 452000, 85000 452000))",0.65,0.4,0.8999999999999999,0.2125,0.35,0.925,0.8,0.8,0.45,0.45,0.45,0.8,2.5,0.46394202238487553
103,7815,1135,600,2470,1900,1700,47.5,20.0,35.0,2545,775,410,620,58.375,10.775,975,4595,0,2415,1170,375,280,135,115,105,37.5,62.5,3,"POLYGON ((85000 456000, 85000 457000, 84000 457000, 84000 456000, 85000 456000))",0.4625,0.5,3.0875,0.375,0.425,0.525,1.425,1.05,0.5,2.575,2.45,0.55,2.3,0.44677497949599776
104,2845,445,265,630,690,820,52.5,27.5,17.5,750,305,120,260,26.4,23.6,245,1665,270,630,575,0,185,0,0,0,65.0,32.5,3,"POLYGON ((85000 457000, 85000 458000, 84000 458000, 84000 457000, 85000 457000))",0.8,0.675,3.375,0.8374999999999999,0.775,0.875,0.725,1.55,0.825,2.875,2.875,1.075,2.675,0.5104708741758354
106,2290,515,350,465,780,175,73.33333333333333,10.0,16.666666666666668,140,165,135,365,21.4,21.5,185,755,0,0,0,0,0,700,50,0,63.333333333333336,36.666666666666664,0,"POLYGON ((86000 449000, 86000 450000, 85000 450000, 85000 449000, 86000 449000))",1.5166666666666666,1.3333333333333333,3.583333333333333,0.6166666666666667,0.6,2.533333333333333,1.4666666666666668,4.066666666666667,1.9333333333333333,5.566666666666667,3.266666666666667,1.9333333333333333,5.666666666666667,0.7758265144638729
107,5345,1125,640,1565,1490,530,57.5,12.5,27.5,620,510,275,690,32.075,27.575,645,2050,0,0,25,0,0,1165,835,20,42.5,57.5,2,"POLYGON ((86000 450000, 86000 451000, 85000 451000, 85000 450000, 86000 450000))",1.0125,0.925,4.05,0.65,0.6,1.525,2.075,3.1,1.125,4.875,2.275,1.125,6.45,0.6936945944968944
108,6650,1520,965,1590,2030,545,57.5,12.5,25.0,535,495,325,1055,20.825,43.4,420,2390,0,0,0,0,0,1965,425,0,65.0,35.0,4,"POLYGON ((86000 451000, 86000 452000, 85000 452000, 85000 451000, 86000 451000))",1.1375000000000002,1.125,4.025,0.5,0.55,0.925,2.2,2.125,0.9,4.525,1.4,0.9,6.7,0.6216676382153817
110,195,10,5,10,50,105,40.0,2.5,2.5,70,40,0,5,12.275,4.55,10,125,15,0,0,0,95,15,0,0,15.0,10.0,3,"POLYGON ((86000 453000, 86000 454000, 85000 454000, 85000 453000, 86000 453000))",0.575,0.35,0.925,0.375,0.625,0.5,1.15,1.025,0.425,1.325,1.325,0.65,2.7,0.5242578609570286
111,3560,735,395,670,1030,740,80.0,13.333333333333334,10.0,410,425,105,505,25.866666666666664,41.99999999999999,140,1460,1210,10,0,105,115,0,10,0,76.66666666666667,23.333333333333332,2,"POLYGON ((86000 454000, 86000 455000, 85000 455000, 85000 454000, 86000 454000))",0.6333333333333333,0.3333333333333333,1.3666666666666667,0.23333333333333334,0.2333333333333333,0.43333333333333335,1.5,1.5,0.3,2.3333333333333335,2.1333333333333333,1.0666666666666667,2.6,0.507900854611281
112,4635,815,400,1380,1150,880,55.0,20.0,25.0,1200,520,215,465,33.5,14.5,460,2410,0,810,700,0,230,630,10,40,50.0,47.5,2,"POLYGON ((86000 456000, 86000 457000, 85000 457000, 85000 456000, 86000 456000))",0.65,0.675,3.6125,0.9125,0.9,1.075,0.8,1.075,1.25,1.175,1.175,0.725,1.075,0.5495952756283722
115,2670,625,410,515,920,195,70.0,10.0,20.0,120,160,110,435,24.566666666666663,40.2,280,840,25,30,125,0,0,110,525,0,60.0,40.0,5,"POLYGON ((87000 450000, 87000 451000, 86000 451000, 86000 450000, 87000 450000))",1.1666666666666667,1.0333333333333332,4.733333333333333,0.6666666666666667,0.9,2.2,2.5,3.033333333333333,1.0666666666666667,6.1,2.2,1.0666666666666667,6.833333333333333,0.7806855488726905
116,4800,1210,570,1250,1315,455,63.333333333333336,10.0,26.666666666666668,365,405,220,760,23.266666666666666,36.56666666666667,255,1740,35,125,65,0,5,675,760,50,63.333333333333336,36.666666666666664,1,"POLYGON ((87000 451000, 87000 452000, 86000 452000, 86000 451000, 87000 451000))",1.0,0.9666666666666667,4.949999999999999,0.5499999999999999,0.5666666666666665,0.8333333333333334,1.7333333333333334,1.4666666666666668,0.6333333333333333,5.566666666666666,0.8333333333333334,0.6333333333333333,6.2,0.7174469206895776
117,2745,725,275,965,635,140,37.5,7.5,30.0,295,195,115,450,20.775,26.6,215,1035,0,10,0,0,0,110,880,25,40.0,35.0,5,"POLYGON ((87000 452000, 87000 453000, 86000 453000, 86000 452000, 87000 452000))",1.05,0.875,3.675,0.225,0.55,0.725,0.825,0.5,0.575,4.05,0.725,0.575,3.95,0.6677897934651735
118,2240,620,335,670,575,50,25.0,5.0,17.5,65,100,85,440,9.975,17.3,115,660,0,0,0,0,0,230,430,0,25.0,25.0,2,"POLYGON ((87000 453000, 87000 454000, 86000 454000, 86000 453000, 87000 453000))",0.925,0.8,3.7750000000000004,0.6,0.6,1.25,1.15,1.225,0.975,3.8,1.425,0.975,3.575,0.6349088053155323
121,3345,1045,335,1060,755,140,52.5,12.5,35.0,190,175,110,620,14.6,32.3,170,1065,15,10,0,0,0,80,935,20,55.0,45.0,0,"POLYGON ((88000 452000, 88000 453000, 87000 453000, 87000 452000, 88000 452000))",1.6,1.325,5.1875,0.48750000000000004,1.3,1.975,1.15,1.8,0.775,5.3,2.175,0.775,5.175,0.7746132634209799
122,5100,1045,520,1330,1435,770,60.0,10.0,30.0,435,545,150,760,19.8,37.9,290,2040,5,0,0,0,0,715,1170,135,65.0,35.0,1,"POLYGON ((88000 453000, 88000 454000, 87000 454000, 87000 453000, 88000 453000))",0.65,0.6,4.4,0.5,0.55,1.35,1.3,2.325,1.025,4.35,2.575,1.025,4.125,0.746453878203055
123,4015,750,570,855,1335,510,57.5,10.0,30.0,370,400,175,610,26.7,36.5,285,1545,45,185,215,40,20,710,305,20,55.0,45.0,3,"POLYGON ((88000 454000, 88000 455000, 87000 455000, 87000 454000, 88000 454000))",0.975,0.825,3.5625,0.575,0.6,1.375,0.9,3.225,1.0,2.975,2.9,1.525,3.1,0.7350604374487644
126,4450,820,660,895,1570,500,47.5,7.5,17.5,350,410,185,705,16.45,30.15,310,1625,0,0,0,0,0,1620,0,0,52.5,22.5,4,"POLYGON ((89000 453000, 89000 454000, 88000 454000, 88000 453000, 89000 453000))",1.1,1.075,3.7125000000000004,0.4,0.35,1.575,1.475,2.475,1.075,3.625,2.7,1.075,3.525,0.8585446811956458
317,2190,175,125,370,595,925,80.0,10.0,10.0,465,495,60,145,41.93333333333333,13.266666666666666,140,1185,0,10,0,0,420,225,530,0,40.0,60.0,5,"POLYGON ((84000 429000, 84000 430000, 83000 430000, 83000 429000, 84000 429000))",0.9166666666666667,0.7,3.4999999999999996,0.7666666666666667,0.9333333333333332,1.3,2.6,14.233333333333334,0.4,2.2666666666666666,1.6,0.7333333333333334,2.2666666666666666,0.31810800920213206
318,3080,485,260,880,715,730,65.0,12.5,25.0,520,440,125,315,30.95,10.275,260,1505,0,430,155,185,15,75,635,0,55.0,45.0,1,"POLYGON ((84000 430000, 84000 431000, 83000 431000, 83000 430000, 84000 430000))",0.75,0.725,4.05,1.1,0.775,0.925,1.85,12.15,0.6,3.925,1.875,0.875,3.925,0.30039278132176744
319,5215,800,605,1310,1520,970,50.0,10.0,40.0,1100,550,315,550,50.6,11.225,635,2475,45,1130,195,105,155,695,155,0,45.0,55.0,3,"POLYGON ((84000 431000, 84000 432000, 83000 432000, 83000 431000, 84000 431000))",0.4375,0.55,4.05,0.35,0.375,0.525,1.35,11.375,0.75,3.975,0.8,0.575,3.975,0.28430703012790404
324,5275,700,535,1085,1380,1570,75.0,10.0,15.0,1200,675,280,455,43.775,7.225,645,2685,0,145,1330,315,130,255,510,0,40.0,57.5,1,"POLYGON ((85000 429000, 85000 430000, 84000 430000, 84000 429000, 85000 429000))",0.475,0.45,5.2875,0.65,0.675,1.325,2.125,13.175,0.35,5.175,3.15,0.625,5.175,0.2978555921171217
325,5850,945,730,1415,1715,1050,65.0,10.0,25.0,1005,690,300,670,44.85,14.775,600,2600,40,325,825,360,840,0,210,0,40.0,60.0,3,"POLYGON ((85000 430000, 85000 431000, 84000 431000, 84000 430000, 85000 430000))",0.6375,0.7,4.4375,0.6499999999999999,0.475,0.85,1.125,12.075,0.575,4.35,2.125,0.5,4.35,0.2788569104345244
326,5420,840,605,1385,1580,1010,52.5,10.0,37.5,1210,605,265,580,50.125,9.925,690,2645,45,900,290,225,305,590,240,50,45.0,55.0,0,"POLYGON ((85000 431000, 85000 432000, 84000 432000, 84000 431000, 85000 431000))",0.6125,0.575,4.4,0.375,0.325,1.45,0.65,10.575,0.725,4.3,1.1,0.55,4.3,0.26144970333190815
327,655,120,75,205,175,75,17.5,5.0,27.5,105,60,30,85,10.175,3.925,60,260,5,235,0,0,0,0,20,0,35.0,15.0,4,"POLYGON ((85000 432000, 85000 433000, 84000 433000, 84000 432000, 85000 432000))",0.2625,0.275,2.3625,0.25,0.25,0.8,0.325,5.0,0.425,2.325,0.425,0.325,2.325,0.24597207399015336
332,1885,365,205,450,545,305,60.0,5.0,7.5,225,230,90,245,17.875,11.5,155,775,10,0,670,0,95,0,0,0,55.0,20.0,2,"POLYGON ((86000 429000, 86000 430000, 85000 430000, 85000 429000, 86000 429000))",0.45,0.45,4.2125,0.5625,0.45,1.4,1.2,9.525,0.4,4.2,2.575,0.45,4.2,0.2789028263488921
333,3780,615,405,885,1215,660,80.0,10.0,12.5,355,520,135,550,17.9,17.225,275,1535,20,0,30,1350,120,0,5,0,80.0,20.0,0,"POLYGON ((86000 430000, 86000 431000, 85000 431000, 85000 430000, 86000 430000))",0.8,1.425,5.4875,0.6625000000000001,0.65,1.95,0.85,12.075,0.6,5.425,2.775,0.6,5.425,0.25851520801116046
357,105,20,5,30,30,15,45.0,2.5,0.0,10,15,0,10,0.0,0.0,10,20,10,0,0,0,0,0,0,0,17.5,7.5,0,"POLYGON ((88000 439000, 88000 440000, 87000 440000, 87000 439000, 88000 439000))",2.25,0.75,3.4,2.1,2.125,2.65,1.35,3.05,2.3,4.375,4.375,2.35,4.375,0.14425570339482457
363,305,35,25,90,95,65,17.5,2.5,2.5,90,40,10,30,14.4,2.5,35,170,0,45,5,0,95,0,30,0,7.5,17.5,2,"POLYGON ((89000 433000, 89000 434000, 88000 434000, 88000 433000, 89000 433000))",0.5375,0.275,1.7999999999999998,0.15,1.05,0.675,0.6,2.225,1.075,1.675,1.675,0.05,2.15,0.14049426057706813
366,6490,985,885,2340,1530,740,17.5,12.5,20.0,1875,655,400,550,31.55,2.325,820,3360,2245,625,0,0,265,160,65,0,17.5,32.5,4,"POLYGON ((89000 436000, 89000 437000, 88000 437000, 88000 436000, 89000 436000))",0.35,0.25,1.6375,0.4625,0.525,0.75,1.1,1.25,0.525,2.65,2.65,0.55,2.65,0.10071074282758545
367,3230,530,445,1295,690,260,22.5,12.5,35.0,880,305,190,295,28.925,2.625,385,1655,150,1350,0,0,130,0,0,35,20.0,47.5,0,"POLYGON ((89000 437000, 89000 438000, 88000 438000, 88000 437000, 89000 437000))",0.5625,0.45,2.0375,0.5125,0.7,0.7,0.825,1.275,0.775,3.5,3.5,0.85,3.5,0.10023493443880194
368,1350,250,130,360,370,240,62.5,10.0,22.5,370,115,100,115,17.475,1.725,270,710,40,565,0,0,0,0,100,0,12.5,37.5,2,"POLYGON ((89000 438000, 89000 439000, 88000 439000, 88000 438000, 89000 438000))",0.7,0.325,2.45,0.8625,1.0,1.95,0.875,2.5,0.825,3.4,3.4,0.875,3.4,0.1072517871994567
369,4735,760,470,1360,1400,730,77.5,7.5,7.5,895,585,210,555,26.525,17.8,420,2295,1265,780,0,80,65,80,5,0,50.0,25.0,5,"POLYGON ((89000 439000, 89000 440000, 88000 440000, 88000 439000, 89000 439000))",0.6625,0.4,3.075,0.36250000000000004,0.4,2.9,0.875,3.325,0.8,3.5,3.5,1.075,3.5,0.12045895284809287
370,45,0,0,10,5,5,45.0,5.0,0.0,0,5,0,0,0.0,0.0,0,20,5,5,0,0,0,0,0,0,0.0,0.0,1,"POLYGON ((89000 440000, 89000 441000, 88000 441000, 88000 440000, 89000 440000))",1.1125,0.8,3.2,0.9,0.9,3.1,0.5,3.425,1.325,2.925,2.925,1.6,2.925,0.13809155177531546
378,2105,460,245,655,525,225,10.0,5.0,37.5,380,120,180,245,31.3,3.45,345,910,95,0,0,260,480,0,70,0,10.0,40.0,1,"POLYGON ((90000 435000, 90000 436000, 89000 436000, 89000 435000, 90000 435000))",0.2875,0.275,1.2375,0.25,0.075,0.3,1.4,1.65,0.2,1.375,1.375,0.2,1.375,0.083866534253054
379,12085,2275,1920,3950,2825,1115,20.0,15.0,62.5,2735,930,790,1210,46.425,6.375,1970,5250,3000,1175,0,45,490,265,235,20,15.0,60.0,0,"POLYGON ((90000 436000, 90000 437000, 89000 437000, 89000 436000, 90000 436000))",0.3375,0.2,2.4124999999999996,0.4125,0.375,0.8,1.85,2.4,0.375,2.8,2.8,0.5,2.8,0.07339323564571003
380,3845,785,585,1140,955,380,12.5,7.5,55.0,610,230,255,440,29.5,3.35,555,1450,930,25,0,0,0,210,235,45,12.5,37.5,1,"POLYGON ((90000 437000, 90000 438000, 89000 438000, 89000 437000, 90000 437000))",0.48750000000000004,0.4,1.9125,0.36250000000000004,0.425,0.7,1.05,1.7,0.4,2.3,2.3,0.5,2.3,0.07273967848076132
381,4375,910,395,1385,895,780,35.0,7.5,32.5,835,365,165,550,36.825,12.625,425,1985,165,1065,145,0,200,80,205,115,30.0,45.0,0,"POLYGON ((90000 438000, 90000 439000, 89000 439000, 89000 438000, 90000 438000))",0.5375,0.5,2.95,0.5125,0.575,2.2,0.525,3.25,0.725,2.65,2.65,0.575,2.65,0.08214055805539072
382,3935,635,400,1050,1055,800,45.0,7.5,22.5,895,465,195,400,40.225,8.65,470,1930,290,935,40,85,270,220,30,55,32.5,42.5,0,"POLYGON ((90000 439000, 90000 440000, 89000 440000, 89000 439000, 90000 439000))",0.44999999999999996,0.325,2.5875,0.575,0.475,2.2,0.6,2.85,0.75,2.075,2.075,0.65,2.075,0.09876534143534155
383,585,65,60,120,215,120,42.5,2.5,2.5,110,70,30,60,15.925,1.45,100,275,185,0,85,0,0,0,0,0,15.0,35.0,0,"POLYGON ((90000 440000, 90000 441000, 89000 441000, 89000 440000, 90000 440000))",0.6,0.325,2.075,0.5,0.55,1.85,0.525,2.175,0.75,1.525,1.525,0.925,1.525,0.11963953860415855
388,155,0,0,35,45,75,17.5,2.5,5.0,0,0,0,0,0.0,0.0,75,5,0,0,0,0,0,0,0,0,0.0,0.0,2,"POLYGON ((91000 431000, 91000 432000, 90000 432000, 90000 431000, 91000 431000))",0.7,0.15,2.3,0.6,0.6,0.8,0.4,3.1,0.75,2.05,2.05,0.75,2.95,0.1610094674244448
389,185,0,5,10,10,150,22.5,15.0,0.0,15,0,0,0,0.0,0.0,0,15,10,0,0,0,0,0,0,0,17.5,0.0,1,"POLYGON ((91000 432000, 91000 433000, 90000 433000, 90000 432000, 91000 432000))",0.7375,0.625,3.2125000000000004,0.875,0.9,0.575,1.225,4.45,1.025,2.875,2.875,1.15,4.2,0.1344283200277995
393,17370,2840,2910,5685,4175,1755,27.5,10.0,55.0,4460,1510,995,1600,59.95,11.375,2595,7685,5315,155,15,30,670,980,520,0,27.5,72.5,0,"POLYGON ((91000 436000, 91000 437000, 90000 437000, 90000 436000, 91000 436000))",0.1875,0.2,1.625,0.2625,0.275,0.6,2.5,2.25,0.275,1.775,1.775,0.325,1.775,0.04662694250870636
394,9150,1540,1500,3250,2015,845,40.0,10.0,27.5,2270,845,455,880,34.5,11.125,1145,4050,3485,185,0,95,130,100,50,0,27.5,47.5,4,"POLYGON ((91000 437000, 91000 438000, 90000 438000, 90000 437000, 91000 437000))",0.4875,0.45,1.9625,0.4375,0.625,0.525,1.675,1.875,0.45,2.35,2.35,0.625,2.35,0.0455924237379441
395,1950,255,180,830,480,205,50.0,10.0,10.0,560,300,70,165,22.975,15.225,90,990,895,85,0,0,10,0,0,0,50.0,25.0,1,"POLYGON ((91000 438000, 91000 439000, 90000 439000, 90000 438000, 91000 438000))",0.475,0.425,1.55,0.5125,0.55,0.85,0.725,1.75,0.575,1.3,1.3,0.625,1.3,0.05945405224214432
396,1080,250,70,320,255,185,77.5,12.5,5.0,60,90,10,180,5.675,29.175,40,345,100,0,0,0,65,65,30,85,85.0,15.0,1,"POLYGON ((91000 439000, 91000 440000, 90000 440000, 90000 439000, 91000 439000))",1.8875,1.425,3.2125,0.7124999999999999,1.95,2.325,1.65,3.2,2.2,1.475,1.475,1.575,1.475,0.08088517613621955
397,1795,715,55,690,275,55,35.0,5.0,10.0,55,90,10,385,1.425,17.7,30,520,0,0,0,0,0,0,255,265,45.0,5.0,1,"POLYGON ((91000 440000, 91000 441000, 90000 441000, 90000 440000, 91000 440000))",1.0375,0.85,1.6124999999999998,0.23750000000000002,1.05,1.075,1.0,1.575,1.225,0.925,0.925,0.975,0.925,0.10536387176070296
399,20,0,0,10,0,0,40.0,0.0,0.0,0,0,0,0,0.0,0.0,0,10,5,0,0,0,0,0,0,0,0.0,0.0,4,"POLYGON ((91000 442000, 91000 443000, 90000 443000, 90000 442000, 91000 442000))",3.35,3.6,5.3,3.125,3.2,3.05,0.3,5.15,4.25,3.85,3.85,4.0,3.85,0.15771591069418475
401,3950,830,485,1280,830,510,52.5,5.0,30.0,650,330,170,490,23.05,6.15,385,1630,25,815,30,55,0,250,320,125,60.0,35.0,3,"POLYGON ((92000 431000, 92000 432000, 91000 432000, 91000 431000, 92000 431000))",0.925,0.75,4.475,0.725,0.75,1.975,1.675,5.55,0.9,3.8,3.8,0.9,6.025,0.15573907040265572
402,5410,910,560,1560,1410,980,42.5,12.5,40.0,1410,490,335,460,63.75,6.975,935,2815,10,1885,100,220,0,230,240,105,27.5,72.5,0,"POLYGON ((92000 432000, 92000 433000, 91000 433000, 91000 432000, 92000 432000))",0.4375,0.45,3.65,0.475,0.475,1.25,2.05,5.125,0.575,2.975,2.975,0.925,5.1,0.12806903739456255
403,7575,1215,1060,2595,1870,825,45.0,17.5,35.0,1895,755,350,760,56.8,10.1,810,3800,2085,900,45,70,285,360,5,55,42.5,55.0,1,"POLYGON ((92000 433000, 92000 434000, 91000 434000, 91000 433000, 92000 433000))",0.375,0.5,2.75,0.35,0.275,0.3,2.975,4.7,0.325,2.325,2.325,0.625,3.9,0.10049997622157644
404,6160,1070,840,2060,1495,695,35.0,12.5,50.0,1430,665,455,500,63.325,6.65,1035,3045,1465,215,45,590,370,220,110,20,27.5,72.5,0,"POLYGON ((92000 434000, 92000 435000, 91000 435000, 91000 434000, 92000 434000))",0.375,0.2,2.7249999999999996,0.6375,0.5,1.175,3.85,4.375,0.775,2.5,2.5,0.775,3.725,0.07314610956724031
405,3785,365,490,1685,845,400,60.0,12.5,20.0,1350,620,95,220,19.025,13.35,340,2005,795,170,220,0,50,240,530,0,47.5,27.5,0,"POLYGON ((92000 435000, 92000 436000, 91000 436000, 91000 435000, 92000 435000))",0.5625,0.55,1.5,0.4375,0.775,0.625,3.825,2.85,0.6,1.55,1.55,1.325,1.55,0.0463896247828018
406,11155,1460,1725,4170,2650,1145,40.0,15.0,45.0,3410,1185,560,870,55.075,12.425,1360,5400,3215,15,15,465,930,560,185,10,32.5,67.5,1,"POLYGON ((92000 436000, 92000 437000, 91000 437000, 91000 436000, 92000 436000))",0.275,0.175,0.7749999999999999,0.2875,0.45,0.475,2.85,1.55,0.3,0.7,0.7,0.325,0.7,0.02247602163474809
407,11320,1415,1890,3985,2475,1555,40.0,15.0,45.0,3695,1130,600,815,58.05,11.75,1470,5615,3355,235,70,885,975,45,40,5,32.5,67.5,1,"POLYGON ((92000 437000, 92000 438000, 91000 438000, 91000 437000, 92000 437000))",0.2625,0.2,0.825,0.2625,0.35,0.325,1.975,0.975,0.45,1.55,1.55,0.6,1.575,0.02024526000136765
408,16585,1855,2315,7975,2975,1465,60.0,15.0,22.5,5635,2340,610,1170,46.175,16.3,1375,9200,7525,720,0,155,465,325,10,0,45.0,55.0,4,"POLYGON ((92000 438000, 92000 439000, 91000 439000, 91000 438000, 92000 438000))",0.25,0.2,1.2249999999999999,0.3125,0.375,0.4,0.95,1.625,0.325,1.375,1.375,0.425,1.375,0.04319824821266806
409,4235,520,460,1925,910,415,67.5,12.5,20.0,1325,580,175,335,32.625,11.225,395,2315,1815,125,0,0,0,210,150,0,67.5,32.5,0,"POLYGON ((92000 439000, 92000 440000, 91000 440000, 91000 439000, 92000 439000))",0.8,0.6,1.9249999999999998,0.3125,0.8,1.15,0.9,1.75,0.85,1.075,1.075,0.725,1.075,0.06981275034426854
410,3845,895,475,1125,845,505,65.0,12.5,27.5,750,260,290,385,35.0,17.875,600,1620,465,955,0,65,65,5,20,35,62.5,35.0,2,"POLYGON ((92000 440000, 92000 441000, 91000 441000, 91000 440000, 92000 440000))",0.875,0.75,2.4,0.3875,0.9,1.075,1.7,2.0,1.1,1.475,1.475,0.875,1.475,0.09712393699198114
411,5060,1065,420,1385,1215,985,60.0,12.5,25.0,1310,405,330,500,48.8,9.625,765,2730,155,1490,350,0,275,35,345,75,42.5,55.0,2,"POLYGON ((92000 441000, 92000 442000, 91000 442000, 91000 441000, 92000 441000))",0.4375,0.575,3.25,0.3375,0.375,0.7,2.825,2.6,0.425,2.775,2.775,0.375,2.775,0.12467477631878034
415,3580,790,485,1030,810,465,50.0,7.5,40.0,710,260,305,340,32.125,3.025,610,1615,50,1240,0,0,5,60,170,70,42.5,55.0,1,"POLYGON ((93000 431000, 93000 432000, 92000 432000, 92000 431000, 93000 431000))",0.7875000000000001,0.9,3.7375,0.725,0.675,1.2,2.85,4.35,1.075,2.975,2.95,1.15,5.05,0.1553347196718728
416,5400,1150,670,1635,1280,665,17.5,7.5,50.0,1320,370,495,460,53.45,3.3,1120,2615,0,2385,0,0,0,70,160,0,10.0,65.0,3,"POLYGON ((93000 432000, 93000 433000, 92000 433000, 92000 432000, 93000 432000))",0.6125,0.575,3.2625,0.625,0.6,0.85,2.725,4.1,0.85,2.075,2.075,0.95,4.8,0.1275773856725018
417,11730,1890,1510,4660,2530,1150,35.0,30.0,37.5,3435,1180,730,965,60.975,3.825,1400,6220,2975,2370,50,0,460,155,215,0,40.0,57.5,0,"POLYGON ((93000 433000, 93000 434000, 92000 434000, 92000 433000, 93000 433000))",0.325,0.325,2.15,0.3,0.35,0.4,3.05,3.825,0.3,1.325,1.325,0.4,3.675,0.09987317609270684
418,6955,1380,1020,2435,1650,470,32.5,17.5,47.5,1565,545,460,735,50.375,18.7,935,3175,2025,350,0,170,190,145,290,5,37.5,62.5,5,"POLYGON ((93000 434000, 93000 435000, 92000 435000, 92000 434000, 93000 434000))",0.30000000000000004,0.325,2.175,0.25,0.35,1.05,4.25,3.025,0.4,2.25,2.25,0.925,3.8,0.072283163252384
419,3450,540,530,935,965,490,60.0,12.5,30.0,880,475,195,260,37.6,15.675,435,1775,775,60,0,80,450,180,190,25,37.5,65.0,0,"POLYGON ((93000 435000, 93000 436000, 92000 436000, 92000 435000, 93000 435000))",0.41250000000000003,0.25,1.4625,0.4875,0.65,1.375,4.525,2.35,0.475,2.35,2.1,1.4,2.975,0.045017741738804885
420,6965,510,1075,2980,1465,935,52.5,20.0,25.0,2915,1075,165,380,42.85,20.35,380,4135,1090,585,0,990,490,630,355,0,37.5,62.5,1,"POLYGON ((93000 436000, 93000 437000, 92000 437000, 92000 436000, 93000 436000))",0.3125,0.15,0.5875,0.375,0.45,1.15,3.4,1.225,0.575,1.175,0.575,0.725,1.35,0.019490252622386336
421,8860,690,1345,3995,1735,1085,47.5,25.0,32.5,3430,1405,255,465,39.6,20.85,580,5255,250,1460,100,1665,510,385,790,100,35.0,65.0,0,"POLYGON ((93000 437000, 93000 438000, 92000 438000, 92000 437000, 93000 437000))",0.2375,0.15,0.6625,0.475,0.6,0.75,2.325,0.725,0.65,1.725,1.075,0.6,1.875,0.0168721291606786
422,15890,2235,2375,5720,3635,1920,37.5,10.0,50.0,4730,1595,955,1205,61.225,9.425,2420,8025,4150,175,20,1670,1525,290,160,30,20.0,80.0,0,"POLYGON ((93000 438000, 93000 439000, 92000 439000, 92000 438000, 93000 438000))",0.275,0.15,1.1875,0.375,0.325,0.525,1.3,1.275,0.425,2.025,1.9,0.375,2.025,0.04172514596503172
423,12450,2000,1595,4620,2880,1355,62.5,12.5,25.0,3165,1365,565,1230,46.2,17.325,1360,6040,4325,190,190,35,845,310,55,85,45.0,55.0,0,"POLYGON ((93000 439000, 93000 440000, 92000 440000, 92000 439000, 93000 439000))",0.2875,0.225,1.9,0.2625,0.375,1.175,0.875,0.65,0.35,1.85,1.85,0.425,1.85,0.06891169284790136
424,4225,880,510,1130,985,720,52.5,7.5,15.0,735,440,225,475,29.1,22.25,305,1885,915,345,195,20,270,65,75,5,42.5,32.5,0,"POLYGON ((93000 440000, 93000 441000, 92000 441000, 92000 440000, 93000 440000))",0.2,0.2,1.5375,0.275,0.325,0.575,1.225,0.775,0.3,1.475,1.475,0.375,1.475,0.0964788254323962
425,5970,1195,625,1545,1650,965,77.5,10.0,12.5,1205,620,240,735,29.35,19.15,400,2850,650,1495,110,100,120,160,205,0,72.5,27.5,0,"POLYGON ((93000 441000, 93000 442000, 92000 442000, 92000 441000, 93000 441000))",0.55,0.5,3.1624999999999996,0.325,0.4,0.45,2.125,2.45,0.75,3.025,3.025,0.775,3.025,0.12417330214545563
428,3595,660,365,1250,865,465,53.333333333333336,13.333333333333334,30.0,920,360,160,375,32.2,7.766666666666667,435,1755,15,1240,30,155,0,40,270,0,50.0,50.0,0,"POLYGON ((94000 431000, 94000 432000, 93000 432000, 93000 431000, 94000 431000))",0.6,0.7666666666666666,3.6333333333333333,0.6333333333333333,0.7333333333333334,0.8666666666666667,2.5333333333333337,3.3666666666666667,0.6333333333333333,2.3666666666666667,2.3666666666666667,0.8666666666666666,4.1,0.15983336119149533
429,4935,755,650,1180,1260,1090,37.5,7.5,30.0,1320,460,335,405,46.5,6.7,845,2635,45,1415,135,0,90,645,280,20,22.5,52.5,0,"POLYGON ((94000 432000, 94000 433000, 93000 433000, 93000 432000, 94000 432000))",0.275,0.275,2.425,0.2875,0.325,0.5,1.5,2.175,0.3,1.15,1.15,0.3,2.725,0.13301845625931272
430,7940,1180,1000,2845,1945,965,37.5,17.5,42.5,2140,825,500,585,61.975,5.175,1270,3850,2135,320,0,595,485,130,180,0,35.0,62.5,2,"POLYGON ((94000 433000, 94000 434000, 93000 434000, 93000 433000, 94000 433000))",0.35,0.275,2.2,0.4125,0.6,0.45,2.375,3.075,0.45,0.65,0.65,0.6,3.875,0.10673642761992741
431,14345,2610,2355,4845,3315,1225,17.5,12.5,67.5,3280,1170,955,1410,64.525,6.5,2315,6440,4610,375,0,10,515,770,120,50,22.5,77.5,0,"POLYGON ((94000 434000, 94000 435000, 93000 435000, 93000 434000, 94000 434000))",0.2,0.225,1.7625000000000002,0.2875,0.275,0.75,3.325,2.45,0.625,1.275,1.275,0.4,3.95,0.08150437918907387
432,8330,1245,1030,3365,1830,855,37.5,15.0,47.5,2160,1045,340,745,39.6,25.375,765,4225,580,30,0,10,315,1330,1560,395,32.5,67.5,1,"POLYGON ((94000 435000, 94000 436000, 93000 436000, 93000 435000, 94000 435000))",0.42500000000000004,0.2,1.05,0.6499999999999999,0.6,0.825,4.0,1.825,0.625,2.425,2.025,0.675,3.15,0.05869242556568648
433,5430,550,605,2120,1495,660,52.5,20.0,27.5,1840,815,240,340,42.4,21.05,515,3110,1230,435,0,90,70,910,335,35,40.0,60.0,0,"POLYGON ((94000 436000, 94000 437000, 93000 437000, 93000 436000, 94000 436000))",0.35,0.225,1.35,0.5375000000000001,0.9999999999999999,1.825,3.95,1.275,0.675,2.85,1.675,0.775,3.0,0.042404840011406236
434,13155,1075,2345,5890,2335,1505,50.0,17.5,35.0,4975,1825,375,560,49.75,13.75,1390,7055,615,2295,115,1475,1435,685,440,0,22.5,77.5,1,"POLYGON ((94000 437000, 94000 438000, 93000 438000, 93000 437000, 94000 437000))",0.23750000000000002,0.15,1.1,0.425,0.725,0.725,2.475,0.7,0.475,2.45,0.675,0.6,2.575,0.04126823432591678
435,16095,2740,2390,4875,3735,2345,32.5,10.0,57.5,4170,1350,1155,1345,67.425,6.25,2985,8175,2225,190,240,3370,1445,115,435,160,7.5,92.5,4,"POLYGON ((94000 438000, 94000 439000, 93000 439000, 93000 438000, 94000 438000))",0.2625,0.2,1.8,0.23750000000000002,0.25,0.575,1.525,1.575,0.375,3.075,1.6,0.475,3.1,0.05620929898038485
436,2760,630,255,1060,545,265,42.5,7.5,22.5,505,260,130,345,25.1,10.625,315,1200,285,0,0,105,85,150,400,175,35.0,37.5,1,"POLYGON ((94000 439000, 94000 440000, 93000 440000, 93000 439000, 94000 439000))",0.575,0.55,2.4000000000000004,0.4625,0.525,1.15,0.875,1.325,0.55,2.825,2.425,0.975,2.825,0.07853291738218329
437,1465,240,145,430,390,250,57.5,7.5,2.5,270,215,35,155,10.125,22.875,40,720,495,0,0,25,95,25,55,0,65.0,7.5,2,"POLYGON ((94000 440000, 94000 441000, 93000 441000, 93000 440000, 94000 440000))",0.7125,0.65,2.45,0.5874999999999999,0.725,1.625,1.675,1.2,0.9,3.0,3.0,1.275,3.0,0.1035705692982904
438,5765,1030,560,1295,1585,1305,70.0,12.5,17.5,1230,670,225,640,38.6,30.05,460,2900,1155,895,175,80,25,25,525,0,55.0,45.0,3,"POLYGON ((94000 441000, 94000 442000, 93000 442000, 93000 441000, 94000 441000))",0.4125,0.35,3.2750000000000004,0.3375,0.5,0.575,2.0,2.325,0.675,3.9,3.9,0.625,3.9,0.12976058936119841
439,2715,235,235,345,770,1125,77.5,10.0,10.0,805,360,90,200,31.4,8.425,230,1505,55,140,0,220,65,635,390,0,60.0,37.5,5,"POLYGON ((94000 442000, 94000 443000, 93000 443000, 93000 442000, 94000 442000))",1.15,1.175,4.1875,0.925,1.225,0.775,1.425,3.275,1.35,4.575,4.425,1.2,4.575,0.15652557727043898
442,3640,465,325,850,1020,980,55.0,10.0,32.5,980,475,195,305,43.85,5.175,495,1980,545,290,505,100,430,30,75,0,27.5,47.5,3,"POLYGON ((95000 432000, 95000 433000, 94000 433000, 94000 432000, 95000 432000))",0.6125,0.425,3.025,0.5375000000000001,0.5,0.65,1.25,1.75,0.65,1.3,1.3,0.775,2.475,0.14372001554926994
443,8560,1535,1110,2120,2315,1485,50.0,12.5,37.5,1935,885,745,700,67.975,5.0,1525,4240,3390,95,0,205,260,165,65,45,10.0,90.0,2,"POLYGON ((95000 433000, 95000 434000, 94000 434000, 94000 433000, 95000 433000))",0.35,0.325,2.075,0.3625,0.375,0.725,2.025,2.15,0.5,0.6,0.6,0.575,3.0,0.1198093889219262
444,15975,3170,2420,5115,3670,1600,20.0,10.0,70.0,3105,1230,1030,1730,62.675,7.275,2545,6925,4800,10,0,95,1000,480,535,10,25.0,75.0,1,"POLYGON ((95000 434000, 95000 435000, 94000 435000, 94000 434000, 95000 434000))",0.2375,0.225,1.85,0.3125,0.225,0.7,2.875,2.15,0.3,1.275,1.275,0.475,3.55,0.09800347532150616
445,9690,1935,1315,2695,2450,1295,22.5,10.0,72.5,1925,675,765,1015,67.225,8.475,1755,4295,835,25,40,1225,1050,905,100,125,10.0,90.0,0,"POLYGON ((95000 435000, 95000 436000, 94000 436000, 94000 435000, 95000 435000))",0.3625,0.325,1.7374999999999998,0.2875,0.35,1.225,3.175,0.775,0.65,2.675,2.625,0.7,3.8,0.08004131401118797
447,14525,1515,4185,4705,2605,1530,42.5,22.5,32.5,6135,1540,555,865,53.55,15.35,1280,7325,2350,1320,300,1575,1205,315,220,30,27.5,65.0,5,"POLYGON ((95000 437000, 95000 438000, 94000 438000, 94000 437000, 95000 437000))",0.325,0.225,1.975,0.425,0.575,0.6,2.225,1.575,0.7,3.375,1.15,0.675,3.525,0.06830131211727519
448,7190,1125,1265,2465,1525,815,57.5,17.5,22.5,2195,820,330,595,35.5,13.7,700,3625,1980,130,0,405,935,65,30,85,50.0,45.0,4,"POLYGON ((95000 438000, 95000 439000, 94000 439000, 94000 438000, 95000 438000))",0.35,0.25,2.35,0.3,0.4,0.325,2.05,1.975,0.325,3.75,1.65,0.575,3.9,0.0782405555025536
451,5510,1340,455,1150,1475,1105,80.0,12.5,10.0,775,560,135,790,24.925,46.4,155,2320,710,1285,225,0,15,80,5,0,75.0,25.0,2,"POLYGON ((95000 441000, 95000 442000, 94000 442000, 94000 441000, 95000 441000))",0.5125,0.575,3.8625,0.3875,0.375,0.95,2.4,2.925,0.65,4.675,4.675,0.525,4.675,0.14071321197976328
453,2990,605,375,890,700,415,26.666666666666668,6.666666666666667,33.333333333333336,665,215,240,280,43.53333333333333,5.133333333333333,590,1360,45,1210,10,0,25,0,60,0,13.333333333333334,53.333333333333336,0,"POLYGON ((96000 431000, 96000 432000, 95000 432000, 95000 431000, 96000 431000))",0.4666666666666667,0.5,2.183333333333333,0.44999999999999996,0.4666666666666666,1.0,1.2,1.0,0.26666666666666666,1.6,1.6,0.4666666666666666,1.4,0.1816953680327938
454,7710,1405,980,2325,1765,1240,42.5,12.5,45.0,1830,715,535,690,60.1,6.775,1045,3690,35,2440,465,250,25,320,160,0,32.5,67.5,1,"POLYGON ((96000 432000, 96000 433000, 95000 433000, 95000 432000, 96000 432000))",0.3875,0.3,2.9375,0.3,0.5,0.95,1.5,0.85,0.375,2.0,2.0,0.45,1.575,0.15862090710682056
455,3050,400,305,660,930,755,47.5,7.5,22.5,830,375,190,260,54.6,3.15,450,1635,1090,20,10,0,420,85,0,0,10.0,65.0,0,"POLYGON ((96000 433000, 96000 434000, 95000 434000, 95000 433000, 96000 433000))",0.8375,0.725,1.875,0.4375,0.725,1.05,2.05,1.325,0.725,1.75,1.75,1.075,2.0,0.1373299993658947
458,4025,335,1190,1020,775,705,40.0,20.0,40.0,1865,435,180,180,61.7,10.05,445,2285,150,60,0,505,960,165,150,295,20.0,67.5,2,"POLYGON ((96000 436000, 96000 437000, 95000 437000, 95000 436000, 96000 436000))",0.7375,0.65,3.2,0.7,0.675,1.95,1.3,2.9,0.75,4.5,2.25,0.7,4.625,0.09625794204119888
459,3825,600,685,930,865,745,67.5,17.5,15.0,1075,480,55,385,21.35,49.825,85,1760,900,370,30,135,255,50,10,0,67.5,32.5,0,"POLYGON ((96000 437000, 96000 438000, 95000 438000, 95000 437000, 96000 437000))",0.7625,0.575,3.125,0.5,0.75,0.975,1.275,2.725,0.8,4.0,2.225,0.775,4.05,0.09576365858074935
461,0,0,0,0,0,0,0.0,0.0,0.0,0,0,0,0,0.0,0.0,0,0,0,0,0,0,0,0,0,0,0.0,0.0,3,"POLYGON ((96000 439000, 96000 440000, 95000 440000, 95000 439000, 96000 439000))",0.275,0.05,0.875,0.275,0.275,0.45,0.275,0.775,0.225,0.9,0.9,0.275,0.9,0.11677078966106663
463,1335,215,135,230,385,380,82.5,12.5,5.0,205,170,35,165,19.225,13.025,55,585,220,15,0,275,0,45,20,0,40.0,57.5,3,"POLYGON ((96000 441000, 96000 442000, 95000 442000, 95000 441000, 96000 441000))",1.2125,0.65,5.4375,0.7250000000000001,0.85,2.35,2.2,3.575,0.8,5.375,5.375,1.35,5.375,0.15590447310177433
464,425,15,20,20,65,295,95.0,5.0,0.0,150,85,0,20,26.0,4.9,10,300,40,20,10,0,70,0,155,0,60.0,40.0,0,"POLYGON ((96000 442000, 96000 443000, 95000 443000, 95000 442000, 96000 442000))",1.8,1.05,5.825,1.125,1.25,2.8,2.75,4.3,1.3,6.1,6.1,2.05,6.1,0.1787983552814881
466,4235,775,440,1225,1030,765,40.0,10.0,47.5,1160,355,305,355,71.475,5.575,785,2295,195,1010,470,280,30,15,295,0,15.0,85.0,2,"POLYGON ((97000 432000, 97000 433000, 96000 433000, 96000 432000, 97000 432000))",0.6875,0.55,2.45,0.5874999999999999,0.6,0.95,1.8,1.1,0.6,1.775,1.775,0.6,0.95,0.17666171311931111
467,5090,820,540,1180,1180,1385,62.5,10.0,30.0,1155,545,315,460,62.75,8.575,620,2535,185,515,960,570,225,30,50,0,27.5,72.5,1,"POLYGON ((97000 433000, 97000 434000, 96000 434000, 96000 433000, 97000 433000))",0.5375000000000001,0.475,1.975,0.5249999999999999,0.475,0.65,1.45,1.55,0.675,2.225,2.225,0.975,1.275,0.15782390632600077
468,3520,520,430,995,1015,560,50.0,7.5,17.5,765,430,165,365,32.6,10.075,315,1725,665,660,0,0,275,0,130,0,47.5,27.5,3,"POLYGON ((97000 434000, 97000 435000, 96000 435000, 96000 434000, 97000 434000))",0.75,0.6,1.5,0.4625,0.625,1.05,0.6,1.875,0.625,2.225,2.225,0.975,1.725,0.1419822411742999
469,0,0,0,0,0,0,0.0,0.0,0.0,0,0,0,0,0.0,0.0,0,0,0,0,0,0,0,0,0,0,0.0,0.0,3,"POLYGON ((97000 435000, 97000 436000, 96000 436000, 96000 435000, 97000 435000))",0.925,0.75,2.3125,0.6875,0.75,1.725,0.95,2.175,0.95,2.725,1.825,0.975,2.725,0.13023467149820844
471,1725,305,345,350,465,255,70.0,10.0,20.0,300,210,40,220,17.55,36.825,55,700,40,30,0,0,550,30,30,0,67.5,30.0,0,"POLYGON ((97000 437000, 97000 438000, 96000 438000, 96000 437000, 97000 437000))",1.075,0.95,3.95,0.8875,1.2,1.825,0.775,3.8,1.075,3.375,2.95,1.15,3.375,0.12336894924845969
472,2885,360,310,630,890,695,32.5,5.0,12.5,660,330,145,305,27.2,8.3,375,1440,15,5,470,0,910,30,20,0,17.5,32.5,0,"POLYGON ((97000 438000, 97000 439000, 96000 439000, 96000 438000, 97000 438000))",0.35,0.55,1.8875,0.175,0.25,0.775,0.575,1.6,0.25,1.1,1.1,0.3,1.1,0.12913791673751995
473,4275,545,635,1250,1040,810,62.5,12.5,22.5,1380,500,175,380,30.15,13.15,350,2270,0,710,1435,15,15,0,90,0,62.5,37.5,2,"POLYGON ((97000 439000, 97000 440000, 96000 440000, 96000 439000, 97000 439000))",0.4625,0.45,4.425000000000001,0.375,0.45,1.175,1.65,2.325,0.325,2.825,2.825,0.475,2.825,0.14030261735825675
474,1480,210,180,445,380,265,67.5,12.5,22.5,230,225,45,180,13.925,8.45,80,680,25,0,640,0,0,15,0,0,62.5,37.5,1,"POLYGON ((97000 440000, 97000 441000, 96000 441000, 96000 440000, 97000 440000))",0.75,1.05,5.199999999999999,0.475,0.5,1.725,1.95,2.475,0.675,3.875,3.875,0.7,3.875,0.15570664896434927
475,8520,1050,705,1895,2195,2690,67.5,10.0,22.5,2470,1200,445,670,57.1,9.375,1095,4840,0,0,4345,270,100,20,100,0,37.5,62.5,0,"POLYGON ((97000 441000, 97000 442000, 96000 442000, 96000 441000, 97000 441000))",0.6125,1.15,5.8875,0.47500000000000003,0.5,2.025,2.425,2.925,0.8,4.65,4.575,0.775,4.65,0.1742291707624074
478,6260,1240,740,2085,1350,845,55.0,10.0,35.0,1265,545,450,660,47.875,9.475,710,2855,45,1475,1100,165,0,0,65,0,45.0,55.0,2,"POLYGON ((98000 432000, 98000 433000, 97000 433000, 97000 432000, 98000 432000))",0.7875,0.65,3.125,0.4125,0.475,1.125,1.95,2.325,0.575,2.325,2.325,0.75,1.675,0.1969816037071909
479,7590,1135,795,1690,1775,2195,50.0,10.0,42.5,1750,895,455,605,56.7,8.95,1005,3785,70,10,2505,265,225,230,480,0,35.0,65.0,1,"POLYGON ((98000 433000, 98000 434000, 97000 434000, 97000 433000, 98000 433000))",0.4125,0.475,2.7125000000000004,0.3125,0.45,0.575,1.45,2.2,0.425,2.625,2.625,0.5,1.825,0.1802799570592442
480,3225,665,385,865,855,460,55.0,10.0,37.5,610,310,245,315,53.4,11.025,500,1585,325,760,375,45,15,10,55,0,40.0,60.0,4,"POLYGON ((98000 434000, 98000 435000, 97000 435000, 97000 434000, 98000 434000))",0.85,0.825,2.3625,0.2625,0.325,1.175,0.7,3.0,1.3,3.6,3.6,0.85,2.7,0.166587879398236
484,5605,895,680,1220,2020,780,67.5,10.0,22.5,670,670,225,805,22.475,36.575,360,2350,30,0,325,0,1435,450,100,0,65.0,35.0,4,"POLYGON ((98000 438000, 98000 439000, 97000 439000, 97000 438000, 98000 438000))",0.6499999999999999,0.9,3.5875000000000004,0.25,0.325,0.9999999999999999,1.4,2.925,0.775,1.625,1.625,0.65,1.625,0.15578679593430592
485,8370,920,915,2000,2045,2480,57.5,10.0,32.5,2990,1060,475,465,65.475,6.325,1205,5050,0,980,2080,900,155,390,510,30,25.0,75.0,1,"POLYGON ((98000 439000, 98000 440000, 97000 440000, 97000 439000, 98000 439000))",0.5874999999999999,0.475,4.3125,0.475,0.625,0.35,1.825,1.625,0.875,1.825,1.825,0.5,1.825,0.16516004719277635
486,3875,470,325,900,1040,1150,42.5,10.0,22.5,1335,455,200,285,31.825,5.075,540,2260,0,50,625,195,1085,300,10,0,32.5,42.5,0,"POLYGON ((98000 440000, 98000 441000, 97000 441000, 97000 440000, 98000 440000))",0.475,0.575,4.9625,0.7875,0.825,0.85,1.5,1.075,0.7,2.875,2.875,0.65,2.875,0.17843113752238754
487,8055,1240,865,1750,1890,2315,62.5,10.0,30.0,1760,895,400,855,48.9,13.75,780,3910,0,0,3575,70,25,85,150,0,35.0,60.0,0,"POLYGON ((98000 441000, 98000 442000, 97000 442000, 97000 441000, 98000 441000))",0.55,0.875,5.824999999999999,0.4625,0.5,1.075,1.6,2.375,0.725,4.15,4.125,0.65,4.15,0.19480505346819735
488,4925,740,455,940,1280,1505,75.0,10.0,12.5,1005,700,250,480,37.0,23.15,440,2440,0,0,1120,895,95,330,0,0,60.0,40.0,4,"POLYGON ((98000 442000, 98000 443000, 97000 443000, 97000 442000, 98000 442000))",0.8374999999999999,0.875,6.3125,0.7625,0.8,1.45,1.95,3.0000000000000004,1.025,4.85,4.125,0.95,4.85,0.21356930793942033
491,5205,1050,635,1500,1395,610,42.5,10.0,47.5,625,490,320,590,44.85,13.55,550,1955,0,0,30,935,565,50,360,0,35.0,65.0,1,"POLYGON ((99000 433000, 99000 434000, 98000 434000, 98000 433000, 99000 433000))",0.7375,0.525,3.925,0.6,0.525,1.9,1.45,3.425,0.5,3.725,3.375,0.725,3.05,0.20405137680699817
492,8340,1680,1130,2310,2370,860,40.0,10.0,50.0,1355,680,685,920,46.5,13.225,1075,3470,80,0,0,2555,715,40,70,0,47.5,52.5,0,"POLYGON ((99000 434000, 99000 435000, 98000 435000, 98000 434000, 99000 434000))",0.625,0.675,3.575,0.32499999999999996,0.525,2.675,1.325,4.3,0.7,4.725,4.075,0.7,3.95,0.19206173086398687
495,2805,335,300,570,865,740,60.0,10.0,30.0,670,400,210,195,51.55,11.65,345,1480,25,0,610,0,815,20,5,0,25.0,75.0,4,"POLYGON ((99000 438000, 99000 439000, 98000 439000, 98000 438000, 99000 438000))",0.775,1.3,3.575,0.45,0.5,1.25,2.15,2.85,0.9,1.45,1.45,1.15,1.45,0.1827732604032982
497,4520,700,545,1195,1380,705,56.666666666666664,10.0,33.333333333333336,920,470,330,485,55.1,9.966666666666667,575,2145,0,0,0,1705,360,80,0,0,40.0,60.0,1,"POLYGON ((99000 440000, 99000 441000, 98000 441000, 98000 440000, 99000 440000))",0.6499999999999999,0.6,4.516666666666667,0.35,0.3,0.5333333333333333,1.1,1.0,0.3,2.766666666666667,2.766666666666667,0.8666666666666666,2.766666666666667,0.20242132285175377
498,4580,855,555,1195,1285,695,52.5,10.0,35.0,595,405,315,540,27.2,13.5,440,1830,0,0,160,1485,75,30,80,0,65.0,32.5,4,"POLYGON ((99000 441000, 99000 442000, 98000 442000, 98000 441000, 99000 441000))",0.775,0.725,5.85,0.5125,0.475,0.725,0.85,1.95,0.725,4.375,3.95,0.775,4.375,0.21699267866159466
499,6235,970,695,1535,1860,1165,60.0,10.0,32.5,1390,675,410,600,48.625,14.15,925,3115,20,25,0,2825,145,85,0,0,42.5,57.5,3,"POLYGON ((99000 442000, 99000 443000, 98000 443000, 98000 442000, 99000 442000))",0.575,0.575,6.612500000000001,0.35,0.65,1.35,1.7,2.725,0.9,5.25,3.025,0.825,5.25,0.23398452231930914
501,3710,570,370,920,1005,845,70.0,10.0,20.0,650,540,190,390,43.15,13.85,335,1795,395,345,90,240,160,120,445,0,50.0,50.0,2,"POLYGON ((100000 434000, 100000 435000, 99000 435000, 99000 434000, 100000 434000))",0.6,0.4,4.4,0.55,0.65,2.95,1.4,4.7,0.9,5.0,3.45,0.55,4.3,0.21809979495251078
505,6780,1225,735,1690,1955,1180,57.5,10.0,32.5,965,645,345,865,34.6,23.575,705,2880,0,0,0,940,1360,270,310,0,60.0,40.0,1,"POLYGON ((100000 442000, 100000 443000, 99000 443000, 99000 442000, 100000 442000))",0.9624999999999999,0.95,7.2124999999999995,0.525,0.525,1.85,2.275,2.45,0.8,5.8,2.525,1.075,5.8,0.2557914657418374
507,1515,430,125,450,390,115,35.0,5.0,10.0,100,130,30,270,5.2,24.875,45,525,0,0,0,0,0,0,525,0,37.5,12.5,1,"POLYGON ((100000 444000, 100000 445000, 99000 445000, 99000 444000, 100000 444000))",0.325,0.375,4.775,0.3,0.65,1.875,0.725,2.1,0.3,4.075,0.3,0.225,4.075,0.29224957585546835
525,475,65,55,80,180,95,55.0,5.0,15.0,65,75,5,60,5.85,7.875,35,200,60,5,55,20,20,30,0,5,40.0,10.0,4,"POLYGON ((113000 485000, 113000 486000, 112000 486000, 112000 485000, 113000 485000))",2.175,1.525,6.137499999999999,1.6875,2.05,3.1,1.775,4.725,2.3,5.7,5.7,2.525,7.125,0.6781571815371413
544,2280,385,270,440,750,425,76.66666666666667,13.333333333333334,10.0,320,280,80,305,29.2,34.23333333333333,120,990,355,170,200,85,105,45,10,10,66.66666666666667,33.333333333333336,1,"POLYGON ((115000 483000, 115000 484000, 114000 484000, 114000 483000, 115000 483000))",0.9333333333333333,0.3666666666666667,5.15,0.5333333333333333,0.7,1.5333333333333332,1.4333333333333333,4.466666666666666,0.9,3.8,3.8,1.1666666666666667,6.033333333333334,0.589891976314007
545,7665,1420,1240,2000,2325,680,37.5,12.5,50.0,1060,630,320,1080,30.725,30.825,615,2805,40,115,140,50,80,1820,510,5,65.0,35.0,4,"POLYGON ((115000 484000, 115000 485000, 114000 485000, 114000 484000, 115000 484000))",0.6125,0.55,4.1875,0.375,0.45,0.75,2.675,3.5,0.7,3.425,3.425,0.975,5.3,0.5563116932821197
546,13590,2770,1775,4430,2910,1705,25.0,15.0,62.5,2925,1080,680,1530,53.975,11.125,1620,5665,70,1305,1290,370,140,550,1860,75,27.5,72.5,1,"POLYGON ((115000 485000, 115000 486000, 114000 486000, 114000 485000, 115000 485000))",0.35,0.325,3.8625,0.30000000000000004,0.375,1.1,3.125,3.25,0.525,3.6,3.6,0.65,4.85,0.5314504223744617
547,5495,1125,770,1575,1270,770,42.5,12.5,45.0,1060,305,295,595,32.725,3.5,985,2430,0,1150,270,30,70,335,555,20,17.5,82.5,3,"POLYGON ((115000 486000, 115000 487000, 114000 487000, 114000 486000, 115000 486000))",0.7875000000000001,0.6,3.975,0.5125,0.5,1.9,3.175,3.55,0.8,4.025,4.025,0.875,4.075,0.5165685205283325
549,5355,1060,590,1530,1370,805,35.0,10.0,52.5,885,515,230,675,34.15,11.275,655,2115,0,790,0,0,1000,190,130,0,52.5,47.5,1,"POLYGON ((115000 488000, 115000 489000, 114000 489000, 114000 488000, 115000 488000))",0.525,0.6,5.225,0.475,0.7,2.275,1.05,3.475,0.85,3.85,3.85,0.85,3.85,0.5196052912990453
557,9080,1355,1165,2300,2940,1315,47.5,17.5,37.5,1325,1070,380,1175,32.225,29.35,650,3785,0,105,0,0,2470,895,295,15,52.5,47.5,0,"POLYGON ((116000 484000, 116000 485000, 115000 485000, 115000 484000, 116000 484000))",0.6,0.6,3.75,0.3625,0.475,0.7,1.45,2.875,0.475,2.125,2.125,0.7,4.7,0.48768553016887345
558,7535,1100,1110,2295,1725,1315,40.0,17.5,45.0,2280,785,320,675,54.6,11.175,835,3570,0,1065,590,250,800,340,445,70,35.0,65.0,1,"POLYGON ((116000 485000, 116000 486000, 115000 486000, 115000 485000, 116000 485000))",0.41250000000000003,0.275,3.525,0.45,0.5,0.65,2.65,2.125,0.475,2.5,2.5,0.675,3.875,0.4591236610456411
559,5575,820,505,1650,1265,1345,40.0,17.5,37.5,1660,680,230,465,48.175,15.05,680,2920,0,1345,575,15,20,240,725,0,37.5,62.5,0,"POLYGON ((116000 486000, 116000 487000, 115000 487000, 115000 486000, 116000 486000))",0.6625000000000001,0.65,3.8625,0.5,0.8,1.7,3.0,2.925,0.375,3.25,3.25,0.825,3.35,0.4418127831109116
560,8550,1830,1190,2925,1825,770,22.5,12.5,65.0,1540,575,425,995,55.9,9.6,1160,3375,0,2615,0,0,120,280,300,65,22.5,77.5,5,"POLYGON ((116000 487000, 116000 488000, 115000 488000, 115000 487000, 116000 487000))",0.35,0.35,4.15,0.3875,0.5,1.35,1.525,3.45,0.475,2.55,2.55,0.475,2.55,0.4370916516558667
561,7685,1645,1075,2625,1675,670,25.0,12.5,65.0,1410,485,360,950,54.35,11.75,1075,2770,0,1055,65,65,170,255,1155,0,32.5,67.5,4,"POLYGON ((116000 488000, 116000 489000, 115000 489000, 115000 488000, 116000 488000))",0.47500000000000003,0.375,4.3375,0.3,0.375,1.3,0.575,2.75,0.65,3.025,3.025,0.65,3.025,0.44536075658236496
568,135,20,15,60,25,10,12.5,22.5,15.0,50,5,10,10,0.0,0.0,0,40,10,0,0,0,5,10,0,5,20.0,5.0,0,"POLYGON ((117000 483000, 117000 484000, 116000 484000, 116000 483000, 117000 483000))",0.725,0.3,2.1875,0.575,0.65,0.7,0.675,1.35,0.675,0.925,0.925,0.575,2.3,0.4648330326172263
569,6205,875,1110,1710,1630,885,47.5,15.0,37.5,1435,655,245,675,43.225,20.55,560,2645,0,225,30,150,1695,185,125,225,30.0,70.0,2,"POLYGON ((117000 484000, 117000 485000, 116000 485000, 116000 484000, 117000 484000))",0.825,0.6,3.75,0.45,0.475,1.0,1.375,2.1,0.575,1.4,1.4,0.775,4.075,0.4214034761150381
570,6655,1045,830,2030,1395,1345,42.5,20.0,40.0,1815,680,350,545,56.45,11.775,680,3080,0,2460,25,150,240,0,0,200,27.5,72.5,2,"POLYGON ((117000 485000, 117000 486000, 116000 486000, 116000 485000, 117000 485000))",0.42500000000000004,0.425,3.4625,0.375,0.4,0.675,1.65,1.075,0.4,1.8,1.8,0.4,2.875,0.3879932184351466
571,2035,385,235,495,525,400,45.0,10.0,20.0,465,180,100,225,32.325,6.475,240,910,0,605,0,0,55,250,0,0,37.5,35.0,2,"POLYGON ((117000 486000, 117000 487000, 116000 487000, 116000 486000, 117000 486000))",0.4625,0.325,2.2375,0.275,0.35,0.35,1.2,1.0,0.575,1.425,1.425,0.525,1.425,0.3673461996860457
572,7250,1380,975,2415,1640,840,30.0,12.5,55.0,1920,520,350,770,61.175,9.725,1150,3450,0,2510,170,0,165,365,75,165,17.5,82.5,3,"POLYGON ((117000 487000, 117000 488000, 116000 488000, 116000 487000, 117000 487000))",0.55,0.35,3.3,0.5625,0.6,0.625,1.3,2.75,0.775,1.45,1.45,0.75,1.45,0.36165495481784854
573,7295,1500,940,2485,1600,775,22.5,12.5,62.5,1760,540,370,790,59.25,9.4,1045,3035,0,2470,0,0,20,300,160,80,27.5,72.5,0,"POLYGON ((117000 488000, 117000 489000, 116000 489000, 116000 488000, 117000 488000))",0.35,0.375,3.4124999999999996,0.425,0.3,0.825,0.525,2.225,0.475,2.25,2.25,0.525,2.25,0.37160718884834043
574,15,0,0,5,0,0,0.0,0.0,12.5,5,0,0,0,0.0,0.0,0,0,0,0,0,0,0,0,0,0,0.0,0.0,2,"POLYGON ((117000 489000, 117000 490000, 116000 490000, 116000 489000, 117000 489000))",0.625,0.575,1.9625,0.775,0.625,0.4,0.475,0.625,0.775,1.75,1.75,0.775,1.75,0.39602519709845574
580,6585,1000,1125,2610,1200,655,35.0,12.5,52.5,2050,615,280,520,52.075,6.55,965,3315,0,1075,585,0,65,0,890,700,7.5,92.5,1,"POLYGON ((118000 484000, 118000 485000, 117000 485000, 117000 484000, 118000 484000))",0.5375,0.625,3.7875,0.4875,0.55,1.15,0.875,1.85,0.65,2.025,2.025,0.775,3.4,0.3587671344816618
581,8720,1170,1710,3800,1390,655,30.0,27.5,47.5,3155,1005,280,670,49.8,15.125,675,4915,0,1365,420,45,580,530,330,1645,15.0,85.0,0,"POLYGON ((118000 485000, 118000 486000, 117000 486000, 117000 485000, 118000 485000))",0.475,0.375,3.05,0.4375,0.675,0.475,0.875,0.825,0.625,1.9,1.9,0.6,2.4,0.31886074133638387
582,14345,2425,2270,5610,2800,1240,35.0,15.0,52.5,3450,1360,555,1495,47.525,16.875,1585,6085,0,1960,660,230,55,865,1170,1155,30.0,70.0,4,"POLYGON ((118000 486000, 118000 487000, 117000 487000, 117000 486000, 118000 486000))",0.4375,0.475,2.4625000000000004,0.35,0.425,0.75,1.075,1.6,0.425,1.25,1.25,0.45,1.25,0.29338905633238155
583,10705,1530,1975,4485,1995,725,27.5,17.5,55.0,3130,845,305,700,53.025,10.7,2240,4290,0,1585,340,0,75,115,1070,1105,15.0,85.0,2,"POLYGON ((118000 487000, 118000 488000, 117000 488000, 117000 487000, 118000 487000))",0.48750000000000004,0.375,2.425,0.4125,0.6,0.775,0.5,2.425,0.6,0.75,0.75,0.525,0.75,0.28623188651921183
584,8300,1675,1120,2915,1865,715,27.5,20.0,55.0,1955,605,375,920,58.475,8.775,1285,3755,0,3025,0,25,10,245,130,325,22.5,77.5,4,"POLYGON ((118000 488000, 118000 489000, 117000 489000, 117000 488000, 118000 488000))",0.5875,0.375,2.55,0.42500000000000004,0.4,1.325,0.8,2.375,0.675,1.825,1.825,0.725,1.825,0.2987085089349509
585,385,0,225,150,0,0,5.0,10.0,10.0,330,15,0,0,22.85,0.15,55,365,0,0,5,0,0,0,0,360,0.0,25.0,1,"POLYGON ((118000 489000, 118000 490000, 117000 490000, 117000 489000, 118000 489000))",0.4,0.25,2.225,1.225,1.3,0.7,0.375,0.4,1.525,2.2,2.2,1.55,2.2,0.32858989129265564
591,640,100,150,140,175,60,62.5,17.5,10.0,195,45,20,65,8.9,9.25,15,10,5,0,0,0,0,0,0,0,0.0,0.0,5,"POLYGON ((119000 483000, 119000 484000, 118000 484000, 118000 483000, 119000 483000))",0.8875,0.725,3.65,0.7375,1.075,1.075,0.6,2.1,0.825,1.15,1.15,1.0,1.225,0.36017224754451466
592,11720,1500,1185,5215,2540,1280,60.0,22.5,17.5,3795,1615,545,875,44.4,25.225,990,6670,4860,140,255,0,25,185,970,235,30.0,70.0,3,"POLYGON ((119000 484000, 119000 485000, 118000 485000, 118000 484000, 119000 484000))",0.3125,0.2,2.7375,0.375,0.675,0.625,0.9,2.15,0.525,2.15,2.15,0.575,2.375,0.3020531306942712
593,14815,2015,1380,6700,3250,1465,57.5,25.0,15.0,4630,2025,525,1245,41.975,25.975,1025,7945,6665,335,80,65,90,85,560,60,35.0,65.0,5,"POLYGON ((119000 485000, 119000 486000, 118000 486000, 118000 485000, 119000 485000))",0.275,0.2,2.3375,0.225,0.475,0.925,0.975,1.625,0.45,2.525,2.5,0.575,2.575,0.2533670394758537
594,15120,1950,1480,7190,3145,1350,52.5,20.0,30.0,4880,2025,655,1110,49.675,16.05,1720,8320,7765,25,35,130,50,205,105,0,25.0,75.0,3,"POLYGON ((119000 486000, 119000 487000, 118000 487000, 118000 486000, 119000 486000))",0.3125,0.225,1.4875,0.25,0.4,1.5,1.15,2.175,0.325,1.825,1.825,0.425,1.825,0.22045470123100225
595,18135,2280,2040,8470,3745,1595,47.5,20.0,32.5,6160,2290,765,1330,52.225,14.125,2115,9990,7625,1345,0,0,210,315,485,0,32.5,67.5,1,"POLYGON ((119000 487000, 119000 488000, 118000 488000, 118000 487000, 119000 487000))",0.2875,0.175,1.525,0.275,0.35,0.85,0.75,2.675,0.25,1.375,1.375,0.35,1.375,0.21083711156819585
596,13880,1915,1820,6335,2735,1080,40.0,17.5,45.0,4165,1660,590,1130,53.2,12.25,1760,7065,4785,1465,245,0,250,225,5,80,25.0,75.0,0,"POLYGON ((119000 488000, 119000 489000, 118000 489000, 118000 488000, 119000 488000))",0.275,0.225,1.8125,0.275,0.325,0.7,0.65,1.95,0.525,1.975,1.975,0.5,1.975,0.22748809010965643
597,145,10,10,50,60,10,22.5,12.5,15.0,60,10,0,5,0.0,0.0,60,30,0,0,0,0,15,0,0,0,10.0,15.0,1,"POLYGON ((119000 489000, 119000 490000, 118000 490000, 118000 489000, 119000 489000))",0.975,0.9,2.5125,1.4625,1.575,0.525,0.625,1.45,1.9,3.1,3.1,2.025,3.1,0.2655105323927329
602,2850,480,565,770,550,480,50.0,25.0,25.0,795,265,70,330,33.6,35.2,65,1115,210,505,240,65,0,30,70,0,65.0,35.0,1,"POLYGON ((120000 481000, 120000 482000, 119000 482000, 119000 481000, 120000 481000))",0.5,0.4,3.025,0.525,0.6,0.6,2.25,2.3,0.5,2.05,2.05,0.8,2.05,0.4636276760810533
603,5830,720,540,1930,1175,1450,50.0,27.5,20.0,2065,700,215,480,40.525,30.55,330,3395,110,1710,1080,90,65,190,160,0,47.5,52.5,1,"POLYGON ((120000 482000, 120000 483000, 119000 483000, 119000 482000, 120000 482000))",0.4875,0.425,3.375,0.4625,0.75,0.675,1.5,1.475,0.275,1.2,1.2,0.7,1.2,0.39187939928820864
604,3325,415,290,1800,545,275,35.0,32.5,35.0,980,550,100,265,14.85,31.825,90,1890,0,260,305,0,0,0,420,895,30.0,45.0,1,"POLYGON ((120000 483000, 120000 484000, 119000 484000, 119000 483000, 120000 483000))",0.5125,0.3,2.9375,0.325,0.8,0.625,0.95,1.05,0.525,1.05,1.05,0.725,1.05,0.3219241345450259
605,13955,2060,1345,4815,3505,2235,60.0,25.0,15.0,4105,1645,640,1260,37.7,33.1,1120,7425,7080,255,85,0,0,0,0,0,37.5,62.5,0,"POLYGON ((120000 484000, 120000 485000, 119000 485000, 119000 484000, 120000 484000))",0.2625,0.25,2.0125,0.3125,0.325,0.525,1.4,1.75,0.3,1.95,1.95,0.375,1.95,0.2552403106691375
606,8860,1355,980,2885,2420,1215,57.5,30.0,10.0,2285,1080,265,910,28.225,46.325,385,4530,4130,10,0,135,175,45,20,0,50.0,47.5,3,"POLYGON ((120000 485000, 120000 486000, 119000 486000, 119000 485000, 120000 485000))",0.22499999999999998,0.175,1.475,0.2875,0.425,0.65,1.925,2.5,0.4,2.95,2.575,0.45,2.95,0.19520964655367132
607,23040,2585,2255,10000,5695,2495,50.0,22.5,25.0,8540,2850,925,1575,51.675,17.55,2540,13520,9835,0,50,970,1650,340,340,340,27.5,72.5,0,"POLYGON ((120000 486000, 120000 487000, 119000 487000, 119000 486000, 120000 486000))",0.2,0.125,1.1875,0.23750000000000002,0.375,0.95,2.05,2.65,0.25,2.775,2.0,0.45,2.775,0.150042183254127
608,17735,1930,1695,8495,3875,1730,55.0,20.0,22.5,6165,2445,620,1200,48.675,18.275,1895,10005,7930,0,0,260,965,415,430,0,30.0,70.0,1,"POLYGON ((120000 487000, 120000 488000, 119000 488000, 119000 487000, 120000 487000))",0.25,0.175,1.275,0.2375,0.35,0.6,1.85,2.7,0.4,2.3,1.925,0.475,2.3,0.13551791830087967
609,8820,1165,980,3615,2440,630,52.5,17.5,27.5,2805,950,405,760,38.4,11.1,995,4835,3550,120,0,50,25,960,125,0,22.5,52.5,5,"POLYGON ((120000 488000, 120000 489000, 119000 489000, 119000 488000, 120000 488000))",0.5375,0.375,1.3875,0.3375,0.55,0.925,1.75,2.575,0.55,3.1,2.625,0.65,3.1,0.16020016189931857
616,9105,1020,880,3140,1810,2265,42.5,27.5,30.0,3235,1125,360,635,49.15,16.85,710,5390,160,2460,985,510,845,320,55,50,27.5,65.0,2,"POLYGON ((121000 482000, 121000 483000, 120000 483000, 120000 482000, 121000 482000))",0.3375,0.375,2.9375,0.3125,0.35,0.625,1.2,1.4,0.55,2.125,2.125,0.525,2.125,0.3726519661491545
617,2730,190,535,1255,310,445,30.0,17.5,27.5,1530,265,35,130,41.225,13.725,70,1630,0,410,80,0,165,0,125,850,35.0,40.0,3,"POLYGON ((121000 483000, 121000 484000, 120000 484000, 120000 483000, 121000 483000))",0.38749999999999996,0.2,2.0,0.22499999999999998,0.425,0.7,0.875,0.7,0.45,1.25,1.25,0.625,1.25,0.29822067259454
618,7810,1355,770,2180,1880,1620,65.0,25.0,10.0,1870,945,245,850,28.65,42.575,225,3795,3285,390,0,0,55,65,0,0,47.5,52.5,0,"POLYGON ((121000 484000, 121000 485000, 120000 485000, 120000 484000, 121000 484000))",0.2875,0.275,1.2999999999999998,0.375,0.45,0.375,1.7,1.7,0.325,2.7,2.7,0.375,2.7,0.22460729974419041
619,11225,1545,1085,4045,2765,1785,57.5,30.0,12.5,3550,1440,355,975,34.075,37.05,500,6245,5950,0,0,105,85,70,15,20,40.0,60.0,5,"POLYGON ((121000 485000, 121000 486000, 120000 486000, 120000 485000, 121000 485000))",0.2875,0.2,0.7375,0.275,0.45,0.425,2.55,2.7,0.3,2.875,2.3,0.475,2.875,0.152996848462378
620,13315,1190,1500,5765,3110,1765,57.5,30.0,15.0,5615,1855,330,785,45.0,24.475,785,8470,6795,40,130,275,610,370,85,150,35.0,62.5,0,"POLYGON ((121000 486000, 121000 487000, 120000 487000, 120000 486000, 121000 486000))",0.22499999999999998,0.125,0.4625,0.4375,0.525,0.4,2.975,2.325,0.3,3.1,1.125,0.35,3.1,0.08839851688400517
621,17735,1515,1875,6985,4705,2645,60.0,30.0,15.0,7560,2330,575,990,49.075,20.825,1380,11610,8980,110,195,725,1050,290,235,20,32.5,67.5,3,"POLYGON ((121000 487000, 121000 488000, 120000 488000, 120000 487000, 121000 487000))",0.175,0.1,0.7125,0.275,0.325,0.675,2.9,1.65,0.25,3.25,1.075,0.3,3.25,0.06055711013603392
622,17815,1765,1545,6845,5080,2555,55.0,25.0,20.0,7035,2280,730,1130,55.275,14.85,1955,11300,7260,55,170,1035,1820,660,245,50,25.0,72.5,4,"POLYGON ((121000 488000, 121000 489000, 120000 489000, 120000 488000, 121000 488000))",0.23750000000000002,0.15,0.675,0.225,0.45,0.725,2.725,1.7,0.3,3.825,2.075,0.375,3.825,0.1047213948131267
623,10160,1410,810,4125,2640,1175,55.0,22.5,22.5,3330,1145,485,800,40.9,28.275,1325,5835,3175,0,25,840,705,0,325,760,32.5,67.5,0,"POLYGON ((121000 489000, 121000 490000, 120000 490000, 120000 489000, 121000 489000))",0.475,0.35,1.025,0.325,0.375,0.85,2.575,2.45,0.475,4.25,3.15,0.65,4.25,0.17237301283077747
625,1410,265,145,380,360,255,37.5,2.5,5.0,225,130,85,175,11.75,3.925,140,620,605,15,0,0,0,0,0,0,10.0,15.0,2,"POLYGON ((121000 491000, 121000 492000, 120000 492000, 120000 491000, 121000 491000))",0.41250000000000003,0.15,2.425,0.325,0.25,0.5,0.725,3.05,0.25,2.025,2.025,0.425,2.025,0.3186587591517592
626,4585,715,490,1250,1320,805,65.0,12.5,20.0,915,505,270,490,36.4,8.95,500,2020,220,410,345,40,820,125,50,0,27.5,47.5,0,"POLYGON ((121000 492000, 121000 493000, 120000 493000, 120000 492000, 121000 492000))",1.1,0.725,5.625,0.6625000000000001,0.95,0.7,0.95,5.85,1.05,4.425,4.425,1.3,4.425,0.3932281018504809
629,655,65,35,180,150,225,65.0,15.0,12.5,180,110,10,50,8.025,6.5,15,340,0,0,280,0,60,0,0,0,25.0,25.0,1,"POLYGON ((122000 482000, 122000 483000, 121000 483000, 121000 482000, 122000 482000))",1.45,1.25,3.1500000000000004,1.3875000000000002,1.625,1.725,1.375,2.225,1.5,3.625,3.625,1.7,3.625,0.368183198017657
630,5795,700,495,2255,1280,1070,57.5,27.5,15.0,2095,680,270,400,30.55,24.125,680,3405,1975,665,65,0,35,250,130,270,17.5,85.0,5,"POLYGON ((122000 483000, 122000 484000, 121000 484000, 121000 483000, 122000 483000))",0.475,0.375,1.8250000000000002,0.275,0.375,0.5,0.725,0.9,0.475,3.075,3.075,0.525,3.075,0.29261805457975343
631,19415,2425,1945,7695,4515,2830,60.0,20.0,17.5,6435,2400,900,1485,48.4,21.325,1815,10565,9940,0,0,0,490,35,90,15,27.5,72.5,1,"POLYGON ((122000 484000, 122000 485000, 121000 485000, 121000 484000, 122000 484000))",0.1875,0.2,1.4125,0.225,0.35,0.525,1.375,1.425,0.25,2.5,2.5,0.3,2.5,0.21711420259926734
632,20135,1765,2325,9700,4405,1940,52.5,30.0,17.5,8490,2740,680,1085,48.425,20.325,1760,12670,10580,50,80,185,825,495,395,50,30.0,70.0,0,"POLYGON ((122000 485000, 122000 486000, 121000 486000, 121000 485000, 122000 485000))",0.175,0.075,0.825,0.2625,0.4,0.6,2.375,2.225,0.325,1.825,1.775,0.425,1.825,0.14176938940538367
634,11640,740,1420,5285,2780,1405,50.0,37.5,17.5,5350,1770,285,470,51.475,17.525,640,7910,6400,35,70,390,585,270,135,15,25.0,75.0,5,"POLYGON ((122000 487000, 122000 488000, 121000 488000, 121000 487000, 122000 487000))",0.1875,0.075,0.7,0.4875,0.55,1.1,3.95,0.825,0.275,2.95,0.825,0.45,2.95,0.018933418097751554
635,6870,820,625,2190,2030,1200,55.0,30.0,12.5,2180,1040,265,495,26.55,24.8,490,3960,1355,40,55,355,440,185,1420,110,25.0,70.0,0,"POLYGON ((122000 488000, 122000 489000, 121000 489000, 121000 488000, 122000 488000))",0.325,0.25,0.9375,0.425,0.65,0.525,3.7,1.6,0.35,3.625,1.95,0.7,3.625,0.08751160838942967
636,1920,300,160,540,630,295,45.0,15.0,15.0,540,220,90,135,19.025,12.425,260,950,475,5,0,160,35,155,65,45,25.0,50.0,0,"POLYGON ((122000 489000, 122000 490000, 121000 490000, 121000 489000, 122000 489000))",0.7875,0.475,1.5375,0.6000000000000001,0.75,1.175,3.7,2.65,0.5,3.625,2.8,1.05,3.625,0.16249483577787707
637,2605,165,945,985,325,175,42.5,15.0,15.0,1465,275,60,105,30.525,5.225,235,1610,0,0,0,0,425,75,325,785,7.5,42.5,0,"POLYGON ((122000 490000, 122000 491000, 121000 491000, 121000 490000, 122000 490000))",0.8875,0.65,3.4000000000000004,1.0625,1.325,1.6,3.15,5.2,1.0,2.625,2.625,1.3,2.625,0.23790183028709957
638,6565,1105,620,1860,1910,1065,57.5,10.0,30.0,1390,660,375,720,57.075,11.15,1015,3050,1120,860,0,370,295,0,395,0,27.5,72.5,4,"POLYGON ((122000 491000, 122000 492000, 121000 492000, 121000 491000, 122000 491000))",0.7375,0.675,4.1875,0.6125,0.7,1.825,2.375,5.975,0.5,3.375,3.375,0.7,3.375,0.31342677777116684
639,6975,1250,855,1685,2040,1150,60.0,10.0,27.5,1120,725,365,875,39.575,24.2,735,2930,320,310,945,165,930,75,50,120,52.5,47.5,3,"POLYGON ((122000 492000, 122000 493000, 121000 493000, 121000 492000, 122000 492000))",0.65,0.575,5.525,0.525,0.55,1.525,1.225,6.65,0.8,3.45,3.45,0.8,3.45,0.3890008990118368
640,590,135,60,190,170,30,60.0,10.0,20.0,40,60,15,105,10.55,16.25,20,210,10,0,0,0,120,0,20,55,80.0,20.0,2,"POLYGON ((122000 493000, 122000 494000, 121000 494000, 121000 493000, 122000 493000))",0.6499999999999999,1.0,6.1,0.925,0.75,2.4,1.5,7.3,1.05,3.8,3.8,1.05,3.8,0.4646001278404692
644,14120,1590,1700,5665,3280,1880,52.5,20.0,27.5,5020,1720,700,955,50.6,18.65,1570,7635,6180,275,0,15,370,575,220,0,22.5,77.5,1,"POLYGON ((123000 484000, 123000 485000, 122000 485000, 122000 484000, 123000 484000))",0.4125,0.25,1.9875,0.4375,0.6,0.45,1.975,0.925,0.375,1.825,1.825,0.4,1.825,0.2349851989929088
645,16185,1705,1885,7045,3730,1815,52.5,20.0,25.0,6115,2070,615,1085,49.45,21.275,1670,9115,5065,430,220,870,1690,250,370,230,30.0,70.0,4,"POLYGON ((123000 485000, 123000 486000, 122000 486000, 122000 485000, 123000 485000))",0.25,0.175,1.125,0.2625,0.375,0.425,2.975,1.4,0.35,0.8,0.8,0.525,0.8,0.16786420835324822
646,10625,875,1285,3705,3020,1740,55.0,27.5,17.5,4230,1385,305,570,47.4,20.85,1080,6185,3580,205,100,395,1010,745,105,40,30.0,70.0,3,"POLYGON ((123000 486000, 123000 487000, 122000 487000, 122000 486000, 123000 486000))",0.3125,0.225,0.6375,0.375,0.45,1.125,4.15,1.775,0.45,1.425,1.4,0.675,1.425,0.11218474029513914
647,4895,405,750,1825,1280,640,57.5,27.5,12.5,2170,680,155,245,36.125,15.625,325,2770,1770,10,160,230,140,150,290,15,22.5,52.5,5,"POLYGON ((123000 487000, 123000 488000, 122000 488000, 122000 487000, 123000 487000))",0.5625,0.3,1.0,0.55,0.625,1.925,4.525,1.425,0.7,2.75,2.15,0.65,2.75,0.09186431471646628
648,4695,655,490,1765,1225,570,45.0,17.5,37.5,1475,535,270,335,59.675,10.35,765,2490,1010,10,0,780,535,0,0,150,17.5,82.5,0,"POLYGON ((123000 488000, 123000 489000, 122000 489000, 122000 488000, 123000 488000))",0.325,0.3,1.5750000000000002,0.625,0.675,0.575,3.525,4.975,0.475,3.25,3.25,0.5,3.25,0.12545612390663208
649,6935,1320,745,2340,1850,695,50.0,12.5,37.5,1735,565,495,665,54.1,16.475,1225,3335,2740,210,0,0,130,0,45,205,30.0,70.0,3,"POLYGON ((123000 489000, 123000 490000, 122000 490000, 122000 489000, 123000 489000))",0.375,0.275,1.7125,0.475,0.425,0.625,3.05,4.275,0.3,2.25,2.25,0.575,2.25,0.18570383143965313
650,5975,1285,670,1695,1535,790,55.0,15.0,30.0,1020,480,350,700,42.625,23.05,800,2370,700,160,730,5,340,50,205,180,52.5,47.5,2,"POLYGON ((123000 490000, 123000 491000, 122000 491000, 122000 490000, 123000 490000))",0.7125,0.65,2.6875,0.6375,1.0,0.475,2.3,4.75,0.625,1.35,1.35,1.075,1.35,0.2543206846751087
651,4550,925,510,1420,1010,685,47.5,12.5,40.0,935,375,180,560,39.625,26.7,480,1845,45,0,350,415,10,25,760,230,52.5,47.5,1,"POLYGON ((123000 491000, 123000 492000, 122000 492000, 122000 491000, 123000 491000))",0.625,1.075,3.875,0.4,0.475,1.5,2.075,5.775,0.85,1.925,1.925,1.025,1.925,0.32606512811913896
656,3650,330,1150,1540,470,150,57.5,12.5,22.5,1650,320,65,200,65.0,14.4,235,2645,195,90,5,35,0,35,1435,840,10.0,90.0,2,"POLYGON ((124000 483000, 124000 484000, 123000 484000, 123000 483000, 124000 483000))",1.0,0.525,3.4875,0.925,1.1,2.125,1.3,1.85,1.6,3.35,3.35,1.875,3.35,0.336411799906341
657,6475,685,1060,2600,1290,850,55.0,15.0,32.5,2495,740,225,365,59.225,13.75,705,3555,375,1630,170,65,480,0,635,190,12.5,87.5,1,"POLYGON ((124000 484000, 124000 485000, 123000 485000, 123000 484000, 124000 484000))",0.5375,0.4,2.2375,0.375,0.875,0.725,2.425,0.85,0.4,1.675,1.675,0.875,1.675,0.27328895480616117
658,16735,2350,1980,6480,4040,1890,50.0,17.5,32.5,4940,1875,785,1405,49.925,20.075,1980,8540,5720,375,110,360,925,490,360,210,30.0,70.0,0,"POLYGON ((124000 485000, 124000 486000, 123000 486000, 123000 485000, 124000 485000))",0.175,0.15,1.3125,0.225,0.3,0.475,2.85,0.825,0.275,0.775,0.775,0.275,0.775,0.21828318087965362
659,13485,1635,1500,5015,3530,1800,52.5,20.0,27.5,4570,1525,600,1025,51.25,18.675,1720,7355,2585,35,230,920,2240,605,380,350,30.0,70.0,1,"POLYGON ((124000 486000, 124000 487000, 123000 487000, 123000 486000, 124000 486000))",0.2875,0.225,1.125,0.35,0.55,0.9,3.725,1.075,0.35,1.425,1.425,0.425,1.425,0.17903887964597054
660,8120,945,810,3115,2275,975,50.0,20.0,25.0,2480,1145,375,630,42.525,24.325,825,4390,720,0,20,1015,705,915,840,180,27.5,72.5,4,"POLYGON ((124000 487000, 124000 488000, 123000 488000, 123000 487000, 124000 487000))",0.6875,0.325,1.6,0.45,0.5,2.2,3.925,2.05,0.875,2.8,2.725,0.725,2.8,0.16705960306029116
661,4340,615,475,1565,1200,490,55.0,20.0,30.0,1330,450,260,340,52.425,14.15,665,2265,1120,35,0,225,290,380,95,120,20.0,80.0,3,"POLYGON ((124000 488000, 124000 489000, 123000 489000, 123000 488000, 124000 488000))",0.6375,0.275,1.6875,0.3125,0.4,1.275,3.375,3.925,0.675,3.375,3.325,0.775,3.375,0.18764182954243555
662,3900,630,390,1135,1095,660,60.0,10.0,30.0,835,410,250,405,54.275,15.55,505,1840,1480,45,90,70,115,0,35,0,32.5,70.0,0,"POLYGON ((124000 489000, 124000 490000, 123000 490000, 123000 489000, 124000 489000))",0.525,0.35,1.8375,0.425,0.4,0.425,2.225,4.8,0.625,2.525,2.525,0.525,2.525,0.2322853697870569
663,3890,530,400,1105,1075,785,55.0,15.0,30.0,1035,525,140,350,49.4,17.475,450,1920,155,5,180,545,160,565,205,90,40.0,60.0,2,"POLYGON ((124000 490000, 124000 491000, 123000 491000, 123000 490000, 124000 490000))",0.7749999999999999,0.875,2.5374999999999996,0.5,0.675,0.65,1.625,5.35,0.65,1.35,1.35,0.875,1.35,0.2900861213882008
664,7145,1400,1005,1950,1820,980,37.5,10.0,55.0,1265,565,465,810,51.75,13.425,995,2905,0,0,90,2440,25,250,70,20,27.5,72.5,5,"POLYGON ((124000 491000, 124000 492000, 123000 492000, 123000 491000, 124000 491000))",1.1875,1.8,3.85,0.5,0.5,1.45,1.85,6.3,1.125,1.05,1.05,0.925,1.05,0.35466855856067314
669,410,15,210,140,25,5,2.5,30.0,17.5,305,20,5,5,0.0,0.0,10,180,0,0,0,0,0,0,180,0,7.5,17.5,5,"POLYGON ((125000 480000, 125000 481000, 124000 481000, 124000 480000, 125000 480000))",1.1625,0.475,1.025,1.225,1.8,2.175,1.075,1.325,1.75,2.85,2.85,1.475,2.85,0.572860359780884
670,6140,990,680,2105,1735,625,22.5,5.0,47.5,2095,415,570,350,35.05,1.7,1110,3155,5,0,0,2285,790,0,55,20,12.5,37.5,0,"POLYGON ((125000 481000, 125000 482000, 124000 482000, 124000 481000, 125000 481000))",0.5,0.375,1.6749999999999998,0.475,0.475,0.55,1.55,0.75,0.5,3.375,3.375,0.4,3.375,0.5053144265524666
672,2790,345,235,775,805,630,52.5,10.0,12.5,935,335,165,200,24.5,8.225,400,1635,1525,45,0,60,0,0,0,0,32.5,42.5,2,"POLYGON ((125000 483000, 125000 484000, 124000 484000, 124000 483000, 125000 483000))",0.425,0.25,2.2625,0.47500000000000003,0.725,1.45,0.975,1.25,0.35,2.825,2.825,0.35,2.825,0.37951382360496577
673,6260,1060,615,1985,1480,1115,62.5,15.0,20.0,1715,675,255,625,53.0,18.5,500,3305,1000,1810,30,0,160,75,0,230,27.5,72.5,0,"POLYGON ((125000 484000, 125000 485000, 124000 485000, 124000 484000, 125000 484000))",0.475,0.375,2.525,0.4,0.6,0.65,1.45,1.175,0.425,2.325,2.325,0.375,2.325,0.3248769259893231
674,14400,2485,2065,4650,3585,1620,55.0,17.5,27.5,3400,1460,590,1595,43.2,26.45,1380,6905,2960,285,0,1100,850,190,940,585,32.5,67.5,1,"POLYGON ((125000 485000, 125000 486000, 124000 486000, 124000 485000, 125000 485000))",0.35,0.325,2.0375,0.3,0.35,0.55,2.5,0.85,0.325,1.9,1.9,0.575,1.9,0.2801892868192895
675,18680,2340,2265,7645,4410,2030,42.5,17.5,40.0,6005,2260,815,1410,53.4,13.85,2535,9970,4940,10,5,1100,2335,990,255,345,30.0,70.0,5,"POLYGON ((125000 486000, 125000 487000, 124000 487000, 124000 486000, 125000 486000))",0.38749999999999996,0.25,1.85,0.2625,0.4,0.7,3.025,1.2,0.325,2.0,2.0,0.525,2.0,0.25082611333902016
676,9870,1550,1120,2650,3585,945,60.0,20.0,22.5,1940,1175,545,1070,31.975,30.55,845,4595,170,5,0,0,1165,3125,0,125,40.0,60.0,0,"POLYGON ((125000 487000, 125000 488000, 124000 488000, 124000 487000, 125000 487000))",0.475,0.275,2.5375,0.3,0.55,1.975,3.8,2.35,0.35,3.15,3.15,0.725,3.15,0.2424212514181966
679,7060,1025,1055,1835,1460,1690,42.5,12.5,45.0,2170,695,370,515,62.15,6.475,845,3340,0,0,2255,335,245,215,230,50,25.0,75.0,1,"POLYGON ((125000 490000, 125000 491000, 124000 491000, 124000 490000, 125000 490000))",0.475,0.525,2.575,0.2875,0.375,1.0,1.275,5.85,0.5,1.775,1.775,0.475,1.775,0.3391314423762517
684,440,20,290,95,20,10,10.0,2.5,12.5,350,0,15,10,22.8,0.575,15,385,0,0,0,35,0,350,0,0,0.0,25.0,3,"POLYGON ((126000 478000, 126000 479000, 125000 479000, 125000 478000, 126000 478000))",0.41250000000000003,0.125,1.475,0.25,0.575,1.05,0.375,0.275,0.275,0.15,0.15,0.125,0.15,0.7418951642716359
685,3975,805,705,1120,955,390,30.0,15.0,57.5,1155,255,450,190,55.25,1.875,705,1825,0,0,210,1575,0,40,0,0,0.0,100.0,0,"POLYGON ((126000 479000, 126000 480000, 125000 480000, 125000 479000, 126000 479000))",1.0125,0.575,2.8,0.725,0.9999999999999999,2.275,1.35,1.125,0.725,1.575,1.575,1.05,1.575,0.6743058398501881
686,6395,1210,1050,1890,1780,465,12.5,10.0,77.5,1985,285,710,355,71.925,4.0,1295,3260,175,0,1460,555,270,470,0,325,12.5,87.5,0,"POLYGON ((126000 480000, 126000 481000, 125000 481000, 125000 480000, 126000 480000))",0.475,0.525,2.0625,0.8375,0.975,1.9,1.825,1.325,0.55,3.025,3.025,0.7,3.025,0.608617567798564
687,8490,1315,2365,2485,1810,520,20.0,15.0,62.5,2950,515,605,620,61.1,11.375,840,4155,0,0,930,380,100,565,1590,600,22.5,77.5,1,"POLYGON ((126000 481000, 126000 482000, 125000 482000, 125000 481000, 126000 481000))",0.7,0.725,2.175,0.5,0.475,0.9,1.975,1.225,0.5,4.125,4.125,0.725,4.125,0.5455174705549275
689,4925,770,585,1320,1360,895,60.0,16.666666666666668,23.333333333333332,930,570,200,580,43.46666666666667,21.5,405,2300,630,675,65,715,40,140,20,0,46.666666666666664,53.333333333333336,1,"POLYGON ((126000 483000, 126000 484000, 125000 484000, 125000 483000, 126000 483000))",0.6666666666666666,0.4666666666666666,2.15,0.4666666666666667,0.7333333333333334,2.1333333333333333,0.6,1.3,0.6333333333333333,3.866666666666667,3.866666666666667,0.6666666666666666,3.866666666666667,0.43159932012224245
691,1435,5,940,480,10,0,25.0,17.5,32.5,1195,100,0,5,47.05,0.15,135,1210,0,15,0,0,0,0,895,300,0.0,75.0,3,"POLYGON ((126000 485000, 126000 486000, 125000 486000, 125000 485000, 126000 485000))",0.875,1.025,3.0,0.8500000000000001,1.25,1.175,2.375,0.9,1.25,2.925,2.925,1.375,2.925,0.34749657973956816
692,925,125,85,380,245,80,72.5,15.0,5.0,220,135,20,90,6.95,8.3,55,395,0,5,0,0,0,160,0,220,20.0,30.0,2,"POLYGON ((126000 486000, 126000 487000, 125000 487000, 125000 486000, 126000 486000))",1.7374999999999998,0.575,3.5375,1.15,1.275,1.3,2.3,2.825,1.075,3.625,3.125,2.05,3.625,0.32428673174085354
693,2260,390,385,495,845,140,75.0,15.0,7.5,460,250,65,295,8.575,24.575,75,935,5,5,0,0,240,680,0,0,37.5,37.5,2,"POLYGON ((126000 487000, 126000 488000, 125000 488000, 125000 487000, 126000 487000))",1.575,0.725,3.7750000000000004,1.1,1.175,1.875,2.875,3.25,1.025,4.05,3.475,2.075,4.05,0.3178309631174395
694,655,140,65,135,220,95,60.0,7.5,5.0,60,60,30,105,13.75,20.35,35,250,150,40,0,0,10,40,0,0,35.0,15.0,0,"POLYGON ((126000 488000, 126000 489000, 125000 489000, 125000 488000, 126000 488000))",0.7625,0.9,3.0625,0.4875,1.025,1.45,1.025,4.3,0.35,3.125,3.1,0.975,3.125,0.32911657603256683
695,10780,2290,1360,3275,2515,1340,35.0,10.0,50.0,2260,850,735,1110,56.45,8.875,1395,4710,770,295,2620,10,65,160,505,285,25.0,75.0,0,"POLYGON ((126000 489000, 126000 490000, 125000 490000, 125000 489000, 126000 489000))",0.4125,0.475,3.5375,0.30000000000000004,0.375,0.75,1.3,6.425,0.45,3.175,3.175,0.6,3.175,0.35646236803716747
701,8550,1520,1075,2405,2330,1220,27.5,10.0,65.0,2145,605,890,625,58.8,8.15,1250,3895,10,0,0,3710,160,10,0,0,27.5,72.5,0,"POLYGON ((127000 478000, 127000 479000, 126000 479000, 126000 478000, 127000 478000))",0.9,0.85,4.025,0.65,0.875,1.3,1.975,1.825,0.825,1.975,1.975,0.825,1.975,0.7772024950182834
702,4450,745,525,1100,1140,940,40.0,12.5,47.5,910,440,380,385,44.65,12.625,545,1965,0,0,0,1915,30,25,0,0,40.0,60.0,4,"POLYGON ((127000 479000, 127000 480000, 126000 480000, 126000 479000, 127000 479000))",0.8125,0.85,3.15,0.6,0.75,1.5,1.65,1.325,1.025,1.775,1.775,1.15,1.775,0.7129683800439287
703,3580,590,430,940,960,655,27.5,15.0,55.0,1060,250,315,245,45.5,5.7,585,1650,0,0,435,865,15,0,165,160,40.0,57.5,3,"POLYGON ((127000 480000, 127000 481000, 126000 481000, 126000 480000, 127000 480000))",0.8374999999999999,1.05,3.0374999999999996,0.5375000000000001,0.675,1.575,1.15,2.5,0.45,3.225,3.225,1.025,3.225,0.6511921027529841
704,12325,2175,1835,3510,3625,1170,15.0,10.0,77.5,3520,715,1335,840,62.575,8.375,2010,5385,15,0,2780,795,65,1165,500,55,25.0,75.0,5,"POLYGON ((127000 481000, 127000 482000, 126000 482000, 126000 481000, 127000 481000))",0.5874999999999999,0.575,3.05,0.45,0.8,0.925,1.8,2.2,0.45,4.325,4.325,0.6,4.325,0.5926427177310739
708,540,45,315,90,65,15,50.0,10.0,10.0,330,25,10,25,0.0,0.0,10,395,0,0,0,0,0,0,275,115,22.5,27.5,4,"POLYGON ((127000 486000, 127000 487000, 126000 487000, 126000 486000, 127000 486000))",1.45,0.35,3.725,0.9125,1.05,1.325,1.05,3.125,0.85,3.725,2.1,1.85,3.725,0.3984963838423952
716,7185,1085,835,2100,2155,1005,30.0,10.0,57.5,1950,595,615,550,55.675,8.45,1130,3500,75,0,0,1745,1660,10,0,0,25.0,75.0,1,"POLYGON ((128000 478000, 128000 479000, 127000 479000, 127000 478000, 128000 478000))",0.7,0.675,4.875,0.6000000000000001,0.6,1.05,2.425,2.55,0.65,3.025,3.025,0.675,3.025,0.8179660815149248
717,4255,695,570,1295,1220,475,27.5,12.5,35.0,1200,365,390,280,38.725,6.65,560,2010,40,0,0,1825,150,0,0,0,27.5,47.5,0,"POLYGON ((128000 479000, 128000 480000, 127000 480000, 127000 479000, 128000 479000))",0.675,0.85,3.225,0.5,0.7,0.825,1.075,1.825,0.75,2.2,2.2,0.8,2.2,0.757198088824124
718,5075,955,635,1670,1220,590,35.0,15.0,50.0,1310,455,380,435,47.275,14.075,440,2295,0,0,80,1290,0,0,775,145,42.5,57.5,5,"POLYGON ((128000 480000, 128000 481000, 127000 481000, 127000 480000, 128000 480000))",0.9,1.025,4.0875,0.875,1.5,2.2,0.775,3.475,0.4,4.075,4.075,0.95,4.075,0.6993399999907357
719,7460,1180,1150,2370,1865,905,30.0,15.0,57.5,2335,575,535,585,52.125,13.45,855,3445,0,0,1885,400,0,220,705,225,52.5,47.5,2,"POLYGON ((128000 481000, 128000 482000, 127000 482000, 127000 481000, 128000 481000))",0.8999999999999999,0.85,3.95,0.3125,0.475,1.85,1.3,3.15,0.45,4.75,4.75,0.8,4.75,0.6451751091711266
732,2195,285,230,515,735,430,42.5,5.0,25.0,330,250,135,250,19.3,9.325,235,905,10,0,0,100,795,0,0,0,45.0,25.0,3,"POLYGON ((129000 478000, 129000 479000, 128000 479000, 128000 478000, 129000 478000))",1.175,1.125,4.375,1.0875,0.975,1.8,1.85,2.625,1.325,3.725,3.075,1.325,3.725,0.8634134711583855
733,1960,265,235,440,735,285,27.5,5.0,15.0,225,230,80,285,11.15,15.95,130,740,0,0,0,0,740,0,0,0,50.0,0.0,1,"POLYGON ((129000 479000, 129000 480000, 128000 480000, 128000 479000, 129000 479000))",0.725,0.8,2.75,0.375,0.375,1.1,1.225,1.625,0.675,1.85,1.85,0.675,1.85,0.8060790784136538
739,9695,2445,1195,2970,2610,465,47.5,17.5,35.0,1270,740,510,1380,31.25,35.325,755,3760,0,0,0,0,0,485,2895,385,47.5,52.5,4,"POLYGON ((129000 485000, 129000 486000, 128000 486000, 128000 485000, 129000 485000))",0.55,0.35,6.5125,0.275,0.325,1.025,2.075,6.25,0.6,7.075,0.65,0.6,7.075,0.5619907292673189
748,1450,240,180,305,460,260,60.0,10.0,5.0,160,180,55,200,7.575,6.7,70,615,160,190,65,0,145,20,0,25,52.5,22.5,5,"POLYGON ((130000 479000, 130000 480000, 129000 480000, 129000 479000, 130000 479000))",1.65,1.525,4.1375,0.7250000000000001,0.725,2.625,0.55,3.5,2.425,7.175,3.75,2.425,7.175,0.8588175160526319
752,4965,1550,485,1655,1110,150,55.0,17.5,30.0,560,285,265,740,11.425,21.675,450,1845,0,0,0,0,0,0,1555,290,75.0,25.0,5,"POLYGON ((130000 484000, 130000 485000, 129000 485000, 129000 484000, 130000 484000))",0.6625000000000001,0.7,6.1,0.3,0.425,0.7,2.475,5.675,0.65,8.3,1.85,0.7,8.3,0.6562595347455105
