c28992r1000,aantal_inwoners,geometry,0-1,1-2,2-3,3-4,4-5,5-6,6-7,7-8,8-9,9-10,10-11,11-12,12-13,13-14,14-15,15-16,16-17,17-18,18-19,19-20,20-21,21-22,22-23,23-0,Total
520,90,"POLYGON ((112000 490000, 112000 491000, 111000 491000, 111000 490000, 112000 490000))",0.0,0.0,0.0,0.0,0.0,0.0,0.0,0.0,0.0,0.005128205128205128,0.015384615384615385,0.005128205128205128,0.0,0.0,0.0,0.0,0.0,0.0,0.0,0.0,0.0,0.0,0.0,0.0,0.02564102564102564
521,0,"POLYGON ((112000 491000, 112000 492000, 111000 492000, 111000 491000, 112000 491000))",0.0,0.0,0.0,0.0,0.0,0.0,0.020512820512820513,0.0,0.0,0.005128205128205128,0.0,0.0,0.005128205128205128,0.0,0.0,0.0,0.005128205128205128,0.015384615384615385,0.0,0.0,0.0,0.0,0.0,0.0,0.05128205128205128
525,475,"POLYGON ((113000 485000, 113000 486000, 112000 486000, 112000 485000, 113000 485000))",0.0,0.010256410256410256,0.010256410256410256,0.005128205128205128,0.0,0.0,0.0,0.010256410256410256,0.005128205128205128,0.015384615384615385,0.020512820512820513,0.025641025641025644,0.005128205128205128,0.020512820512820513,0.020512820512820513,0.005128205128205128,0.010256410256410256,0.03076923076923077,0.020512820512820513,0.015384615384615385,0.010256410256410256,0.020512820512820513,0.010256410256410256,0.0,0.27179487179487183
527,330,"POLYGON ((113000 487000, 113000 488000, 112000 488000, 112000 487000, 113000 487000))",0.0,0.0,0.0,0.0,0.0,0.0,0.0,0.0,0.0,0.0,0.0,0.005128205128205128,0.0,0.0,0.0,0.0,0.0,0.0,0.0,0.0,0.0,0.0,0.0,0.0,0.005128205128205128
530,10,"POLYGON ((113000 490000, 113000 491000, 112000 491000, 112000 490000, 113000 490000))",0.0,0.0,0.0,0.0,0.0,0.0,0.0,0.0,0.0,0.0,0.0,0.0,0.0,0.005128205128205128,0.0,0.005128205128205128,0.0,0.0,0.0,0.0,0.0,0.0,0.0,0.0,0.010256410256410256
531,0,"POLYGON ((113000 491000, 113000 492000, 112000 492000, 112000 491000, 113000 491000))",0.0,0.0,0.0,0.0,0.0,0.0,0.0,0.015384615384615385,0.0,0.005128205128205128,0.0,0.0,0.010256410256410256,0.0,0.0,0.0,0.005128205128205128,0.0,0.0,0.0,0.0,0.0,0.005128205128205128,0.0,0.041025641025641026
532,0,"POLYGON ((113000 492000, 113000 493000, 112000 493000, 112000 492000, 113000 492000))",0.0,0.0,0.0,0.0,0.0,0.0,0.005128205128205128,0.005128205128205128,0.0,0.005128205128205128,0.0,0.005128205128205128,0.0,0.0,0.0,0.0,0.0,0.0,0.0,0.0,0.005128205128205128,0.0,0.0,0.0,0.02564102564102564
534,5755,"POLYGON ((114000 484000, 114000 485000, 113000 485000, 113000 484000, 114000 484000))",0.015384615384615385,0.020512820512820513,0.0358974358974359,0.005128205128205128,0.010256410256410256,0.005128205128205128,0.015384615384615385,0.005128205128205128,0.005128205128205128,0.020512820512820513,0.0,0.010256410256410256,0.0358974358974359,0.005128205128205128,0.015384615384615385,0.010256410256410256,0.020512820512820513,0.020512820512820513,0.015384615384615385,0.020512820512820513,0.010256410256410256,0.015384615384615385,0.010256410256410256,0.015384615384615385,0.3435897435897436
535,7200,"POLYGON ((114000 485000, 114000 486000, 113000 486000, 113000 485000, 114000 485000))",0.020512820512820513,0.010256410256410256,0.010256410256410256,0.015384615384615385,0.010256410256410256,0.03076923076923077,0.046153846153846156,0.046153846153846156,0.041025641025641026,0.07692307692307693,0.09230769230769231,0.041025641025641026,0.06153846153846154,0.0358974358974359,0.05641025641025641,0.005128205128205128,0.05128205128205129,0.09230769230769231,0.0358974358974359,0.05641025641025641,0.05641025641025641,0.041025641025641026,0.041025641025641026,0.05128205128205129,1.0256410256410258
536,170,"POLYGON ((114000 486000, 114000 487000, 113000 487000, 113000 486000, 114000 486000))",0.0,0.005128205128205128,0.0,0.0,0.0,0.0,0.0,0.0,0.005128205128205128,0.0,0.005128205128205128,0.0,0.0,0.0,0.0,0.0,0.0,0.010256410256410256,0.0,0.010256410256410256,0.0,0.0,0.0,0.0,0.035897435897435895
537,165,"POLYGON ((114000 487000, 114000 488000, 113000 488000, 113000 487000, 114000 487000))",0.0,0.0,0.005128205128205128,0.0,0.0,0.0,0.0,0.0,0.0,0.005128205128205128,0.0,0.0,0.0,0.0,0.0,0.005128205128205128,0.0,0.0,0.0,0.0,0.0,0.0,0.0,0.0,0.015384615384615385
538,10,"POLYGON ((114000 488000, 114000 489000, 113000 489000, 113000 488000, 114000 488000))",0.0,0.0,0.0,0.0,0.0,0.0,0.0,0.0,0.0,0.0,0.0,0.0,0.0,0.0,0.0,0.005128205128205128,0.0,0.0,0.0,0.0,0.0,0.005128205128205128,0.0,0.0,0.010256410256410256
539,75,"POLYGON ((114000 489000, 114000 490000, 113000 490000, 113000 489000, 114000 489000))",0.0,0.0,0.0,0.005128205128205128,0.0,0.0,0.0,0.0,0.005128205128205128,0.0,0.0,0.010256410256410256,0.015384615384615385,0.0,0.005128205128205128,0.0,0.005128205128205128,0.010256410256410256,0.010256410256410256,0.0,0.0,0.0,0.0,0.0,0.06666666666666667
540,0,"POLYGON ((114000 490000, 114000 491000, 113000 491000, 113000 490000, 114000 490000))",0.0,0.0,0.0,0.0,0.0,0.0,0.0,0.0,0.0,0.0,0.0,0.0,0.0,0.0,0.005128205128205128,0.0,0.0,0.0,0.0,0.0,0.0,0.0,0.0,0.0,0.005128205128205128
543,0,"POLYGON ((114000 493000, 114000 494000, 113000 494000, 113000 493000, 114000 493000))",0.0,0.0,0.0,0.0,0.0,0.0,0.0,0.010256410256410256,0.0,0.0,0.0,0.0,0.0,0.0,0.0,0.0,0.0,0.0,0.0,0.0,0.0,0.0,0.0,0.0,0.010256410256410256
544,2280,"POLYGON ((115000 483000, 115000 484000, 114000 484000, 114000 483000, 115000 483000))",0.0,0.005128205128205128,0.0,0.0,0.0,0.0,0.0,0.0,0.0,0.015384615384615385,0.0,0.015384615384615385,0.020512820512820513,0.0,0.005128205128205128,0.025641025641025644,0.0,0.0,0.0,0.005128205128205128,0.0,0.0,0.0,0.010256410256410256,0.10256410256410256
545,7665,"POLYGON ((115000 484000, 115000 485000, 114000 485000, 114000 484000, 115000 484000))",0.03076923076923077,0.03076923076923077,0.025641025641025644,0.005128205128205128,0.0358974358974359,0.005128205128205128,0.015384615384615385,0.041025641025641026,0.06153846153846154,0.08205128205128205,0.06666666666666667,0.1076923076923077,0.06666666666666667,0.08205128205128205,0.09743589743589744,0.11282051282051282,0.1076923076923077,0.06153846153846154,0.11794871794871796,0.025641025641025644,0.0717948717948718,0.06666666666666667,0.05641025641025641,0.05128205128205129,1.4256410256410257
546,13590,"POLYGON ((115000 485000, 115000 486000, 114000 486000, 114000 485000, 115000 485000))",0.046153846153846156,0.046153846153846156,0.041025641025641026,0.041025641025641026,0.05128205128205129,0.020512820512820513,0.041025641025641026,0.03076923076923077,0.05641025641025641,0.0717948717948718,0.13846153846153847,0.08205128205128205,0.158974358974359,0.1641025641025641,0.158974358974359,0.10256410256410257,0.06153846153846154,0.05128205128205129,0.09743589743589744,0.0717948717948718,0.07692307692307693,0.0358974358974359,0.05641025641025641,0.07692307692307693,1.7794871794871796
547,5495,"POLYGON ((115000 486000, 115000 487000, 114000 487000, 114000 486000, 115000 486000))",0.020512820512820513,0.020512820512820513,0.020512820512820513,0.03076923076923077,0.010256410256410256,0.0358974358974359,0.025641025641025644,0.041025641025641026,0.046153846153846156,0.06153846153846154,0.09743589743589744,0.12307692307692308,0.1076923076923077,0.09230769230769231,0.046153846153846156,0.07692307692307693,0.05128205128205129,0.10256410256410257,0.07692307692307693,0.041025641025641026,0.06153846153846154,0.03076923076923077,0.0717948717948718,0.015384615384615385,1.3076923076923077
548,2830,"POLYGON ((115000 487000, 115000 488000, 114000 488000, 114000 487000, 115000 487000))",0.0358974358974359,0.010256410256410256,0.010256410256410256,0.0,0.005128205128205128,0.0,0.005128205128205128,0.0358974358974359,0.0,0.015384615384615385,0.03076923076923077,0.0,0.020512820512820513,0.025641025641025644,0.0358974358974359,0.020512820512820513,0.020512820512820513,0.010256410256410256,0.010256410256410256,0.020512820512820513,0.0,0.010256410256410256,0.020512820512820513,0.020512820512820513,0.36410256410256414
549,5355,"POLYGON ((115000 488000, 115000 489000, 114000 489000, 114000 488000, 115000 488000))",0.015384615384615385,0.015384615384615385,0.015384615384615385,0.010256410256410256,0.005128205128205128,0.005128205128205128,0.005128205128205128,0.03076923076923077,0.03076923076923077,0.06153846153846154,0.020512820512820513,0.06153846153846154,0.041025641025641026,0.05641025641025641,0.041025641025641026,0.05641025641025641,0.041025641025641026,0.025641025641025644,0.0358974358974359,0.015384615384615385,0.041025641025641026,0.03076923076923077,0.020512820512820513,0.020512820512820513,0.7025641025641025
550,15,"POLYGON ((115000 489000, 115000 490000, 114000 490000, 114000 489000, 115000 489000))",0.0,0.0,0.0,0.0,0.0,0.005128205128205128,0.0,0.025641025641025644,0.015384615384615385,0.0,0.005128205128205128,0.015384615384615385,0.005128205128205128,0.010256410256410256,0.020512820512820513,0.005128205128205128,0.005128205128205128,0.010256410256410256,0.0,0.005128205128205128,0.0,0.005128205128205128,0.0,0.005128205128205128,0.13846153846153847
551,0,"POLYGON ((115000 490000, 115000 491000, 114000 491000, 114000 490000, 115000 490000))",0.0,0.0,0.0,0.0,0.0,0.0,0.015384615384615385,0.015384615384615385,0.0,0.005128205128205128,0.020512820512820513,0.005128205128205128,0.005128205128205128,0.0,0.0,0.010256410256410256,0.015384615384615385,0.015384615384615385,0.005128205128205128,0.0,0.0,0.005128205128205128,0.0,0.005128205128205128,0.12307692307692308
552,0,"POLYGON ((115000 491000, 115000 492000, 114000 492000, 114000 491000, 115000 491000))",0.005128205128205128,0.0,0.0,0.0,0.0,0.0,0.0,0.0,0.0,0.0,0.005128205128205128,0.0,0.0,0.005128205128205128,0.0,0.0,0.0,0.0,0.0,0.0,0.0,0.0,0.0,0.0,0.015384615384615385
553,65,"POLYGON ((115000 492000, 115000 493000, 114000 493000, 114000 492000, 115000 492000))",0.010256410256410256,0.005128205128205128,0.0,0.0,0.0,0.0,0.0,0.0,0.005128205128205128,0.005128205128205128,0.0,0.0,0.0,0.0,0.005128205128205128,0.0,0.0,0.0,0.005128205128205128,0.010256410256410256,0.010256410256410256,0.0,0.0,0.0,0.05641025641025641
555,310,"POLYGON ((116000 482000, 116000 483000, 115000 483000, 115000 482000, 116000 482000))",0.0,0.0,0.0,0.0,0.0,0.0,0.0,0.0,0.0,0.0,0.015384615384615385,0.0,0.0,0.0,0.005128205128205128,0.0,0.0,0.0,0.0,0.0,0.0,0.0,0.005128205128205128,0.005128205128205128,0.03076923076923077
556,380,"POLYGON ((116000 483000, 116000 484000, 115000 484000, 115000 483000, 116000 483000))",0.0,0.0,0.0,0.0,0.0,0.005128205128205128,0.005128205128205128,0.005128205128205128,0.015384615384615385,0.0,0.0,0.005128205128205128,0.005128205128205128,0.0,0.0,0.0,0.0,0.0,0.0,0.0,0.0,0.0,0.0,0.005128205128205128,0.046153846153846156
557,9080,"POLYGON ((116000 484000, 116000 485000, 115000 485000, 115000 484000, 116000 484000))",0.010256410256410256,0.015384615384615385,0.020512820512820513,0.020512820512820513,0.020512820512820513,0.020512820512820513,0.041025641025641026,0.041025641025641026,0.046153846153846156,0.08205128205128205,0.0717948717948718,0.025641025641025644,0.13846153846153847,0.12307692307692308,0.08717948717948719,0.06666666666666667,0.11794871794871796,0.07692307692307693,0.06153846153846154,0.07692307692307693,0.08205128205128205,0.05128205128205129,0.0358974358974359,0.046153846153846156,1.3794871794871795
558,7535,"POLYGON ((116000 485000, 116000 486000, 115000 486000, 115000 485000, 116000 485000))",0.046153846153846156,0.041025641025641026,0.03076923076923077,0.03076923076923077,0.020512820512820513,0.0358974358974359,0.05641025641025641,0.12820512820512822,0.07692307692307693,0.1641025641025641,0.1641025641025641,0.20000000000000004,0.23589743589743592,0.23076923076923075,0.21025641025641026,0.1692307692307692,0.10256410256410257,0.18461538461538463,0.1435897435897436,0.07692307692307693,0.15384615384615385,0.09230769230769231,0.08717948717948719,0.06666666666666667,2.7487179487179487
559,5575,"POLYGON ((116000 486000, 116000 487000, 115000 487000, 115000 486000, 116000 486000))",0.06153846153846154,0.025641025641025644,0.041025641025641026,0.041025641025641026,0.020512820512820513,0.025641025641025644,0.020512820512820513,0.025641025641025644,0.05128205128205129,0.08205128205128205,0.08717948717948719,0.11282051282051282,0.11282051282051282,0.15384615384615385,0.17435897435897438,0.12307692307692308,0.1076923076923077,0.10256410256410257,0.11282051282051282,0.12820512820512822,0.08717948717948719,0.07692307692307693,0.05641025641025641,0.09230769230769231,1.9230769230769231
560,8550,"POLYGON ((116000 487000, 116000 488000, 115000 488000, 115000 487000, 116000 487000))",0.046153846153846156,0.015384615384615385,0.010256410256410256,0.005128205128205128,0.03076923076923077,0.020512820512820513,0.0358974358974359,0.015384615384615385,0.0717948717948718,0.07692307692307693,0.05641025641025641,0.09743589743589744,0.08205128205128205,0.1076923076923077,0.11282051282051282,0.08717948717948719,0.08717948717948719,0.08205128205128205,0.046153846153846156,0.046153846153846156,0.0717948717948718,0.09743589743589744,0.041025641025641026,0.10256410256410257,1.4461538461538461
561,7685,"POLYGON ((116000 488000, 116000 489000, 115000 489000, 115000 488000, 116000 488000))",0.020512820512820513,0.0358974358974359,0.025641025641025644,0.015384615384615385,0.015384615384615385,0.005128205128205128,0.020512820512820513,0.05128205128205129,0.05641025641025641,0.08205128205128205,0.08205128205128205,0.0717948717948718,0.06666666666666667,0.07692307692307693,0.06666666666666667,0.09743589743589744,0.05128205128205129,0.09743589743589744,0.06666666666666667,0.06666666666666667,0.08717948717948719,0.06153846153846154,0.0717948717948718,0.0717948717948718,1.3641025641025641
562,0,"POLYGON ((116000 489000, 116000 490000, 115000 490000, 115000 489000, 116000 489000))",0.0,0.0,0.0,0.005128205128205128,0.0,0.0,0.010256410256410256,0.0,0.0,0.0,0.010256410256410256,0.0,0.0,0.010256410256410256,0.005128205128205128,0.010256410256410256,0.0,0.010256410256410256,0.020512820512820513,0.015384615384615385,0.005128205128205128,0.005128205128205128,0.0,0.005128205128205128,0.11282051282051281
563,0,"POLYGON ((116000 490000, 116000 491000, 115000 491000, 115000 490000, 116000 490000))",0.0,0.0,0.0,0.0,0.0,0.0,0.010256410256410256,0.0,0.0,0.005128205128205128,0.005128205128205128,0.0,0.0,0.0,0.005128205128205128,0.005128205128205128,0.0,0.0,0.0,0.0,0.0,0.0,0.005128205128205128,0.005128205128205128,0.041025641025641026
564,0,"POLYGON ((116000 491000, 116000 492000, 115000 492000, 115000 491000, 116000 491000))",0.0,0.0,0.0,0.0,0.0,0.0,0.005128205128205128,0.0,0.0,0.0,0.0,0.0,0.0,0.005128205128205128,0.0,0.0,0.0,0.0,0.005128205128205128,0.0,0.0,0.0,0.0,0.0,0.015384615384615385
565,15,"POLYGON ((116000 492000, 116000 493000, 115000 493000, 115000 492000, 116000 492000))",0.0,0.0,0.0,0.0,0.0,0.0,0.0,0.010256410256410256,0.010256410256410256,0.0,0.005128205128205128,0.0,0.0,0.005128205128205128,0.0,0.0,0.0,0.0,0.005128205128205128,0.0,0.0,0.0,0.005128205128205128,0.0,0.041025641025641026
568,135,"POLYGON ((117000 483000, 117000 484000, 116000 484000, 116000 483000, 117000 483000))",0.0,0.010256410256410256,0.0,0.0,0.0,0.0,0.005128205128205128,0.0,0.005128205128205128,0.005128205128205128,0.020512820512820513,0.010256410256410256,0.025641025641025644,0.010256410256410256,0.005128205128205128,0.020512820512820513,0.0,0.005128205128205128,0.015384615384615385,0.03076923076923077,0.005128205128205128,0.0,0.0,0.0,0.17435897435897435
569,6205,"POLYGON ((117000 484000, 117000 485000, 116000 485000, 116000 484000, 117000 484000))",0.06153846153846154,0.0358974358974359,0.05641025641025641,0.020512820512820513,0.015384615384615385,0.025641025641025644,0.015384615384615385,0.11794871794871796,0.23589743589743592,0.6615384615384615,0.6461538461538462,0.49743589743589745,0.49230769230769234,0.47179487179487184,0.5230769230769231,0.6512820512820513,0.3128205128205128,0.26153846153846155,0.11794871794871796,0.1692307692307692,0.13846153846153847,0.05641025641025641,0.05128205128205129,0.06153846153846154,5.697435897435898
570,6655,"POLYGON ((117000 485000, 117000 486000, 116000 486000, 116000 485000, 117000 485000))",0.025641025641025644,0.005128205128205128,0.005128205128205128,0.041025641025641026,0.020512820512820513,0.03076923076923077,0.015384615384615385,0.05641025641025641,0.05128205128205129,0.05641025641025641,0.08205128205128205,0.06666666666666667,0.06666666666666667,0.06153846153846154,0.05641025641025641,0.05641025641025641,0.03076923076923077,0.05641025641025641,0.046153846153846156,0.025641025641025644,0.05128205128205129,0.05128205128205129,0.046153846153846156,0.03076923076923077,1.0358974358974358
571,2035,"POLYGON ((117000 486000, 117000 487000, 116000 487000, 116000 486000, 117000 486000))",0.010256410256410256,0.015384615384615385,0.015384615384615385,0.005128205128205128,0.025641025641025644,0.015384615384615385,0.015384615384615385,0.015384615384615385,0.05641025641025641,0.06666666666666667,0.0358974358974359,0.041025641025641026,0.05641025641025641,0.05128205128205129,0.020512820512820513,0.046153846153846156,0.025641025641025644,0.041025641025641026,0.025641025641025644,0.025641025641025644,0.046153846153846156,0.0358974358974359,0.041025641025641026,0.03076923076923077,0.7641025641025642
572,7250,"POLYGON ((117000 487000, 117000 488000, 116000 488000, 116000 487000, 117000 487000))",0.041025641025641026,0.020512820512820513,0.07692307692307693,0.025641025641025644,0.025641025641025644,0.005128205128205128,0.020512820512820513,0.041025641025641026,0.0717948717948718,0.09230769230769231,0.09743589743589744,0.08205128205128205,0.0717948717948718,0.06666666666666667,0.13846153846153847,0.08717948717948719,0.06153846153846154,0.06666666666666667,0.08205128205128205,0.06153846153846154,0.03076923076923077,0.05128205128205129,0.0358974358974359,0.07692307692307693,1.4307692307692308
573,7295,"POLYGON ((117000 488000, 117000 489000, 116000 489000, 116000 488000, 117000 488000))",0.03076923076923077,0.025641025641025644,0.041025641025641026,0.0,0.010256410256410256,0.020512820512820513,0.020512820512820513,0.0358974358974359,0.06153846153846154,0.05641025641025641,0.0717948717948718,0.05128205128205129,0.13333333333333333,0.09230769230769231,0.08205128205128205,0.11282051282051282,0.0717948717948718,0.05128205128205129,0.07692307692307693,0.06666666666666667,0.0717948717948718,0.07692307692307693,0.020512820512820513,0.03076923076923077,1.3128205128205128
574,15,"POLYGON ((117000 489000, 117000 490000, 116000 490000, 116000 489000, 117000 489000))",0.0,0.0,0.005128205128205128,0.0,0.0,0.0,0.0,0.0,0.005128205128205128,0.0,0.020512820512820513,0.025641025641025644,0.015384615384615385,0.010256410256410256,0.015384615384615385,0.010256410256410256,0.0,0.010256410256410256,0.005128205128205128,0.0,0.010256410256410256,0.010256410256410256,0.005128205128205128,0.0,0.14871794871794872
576,0,"POLYGON ((117000 491000, 117000 492000, 116000 492000, 116000 491000, 117000 491000))",0.0,0.0,0.0,0.0,0.0,0.010256410256410256,0.005128205128205128,0.0,0.0,0.0,0.0,0.0,0.0,0.0,0.0,0.0,0.0,0.0,0.010256410256410256,0.0,0.0,0.0,0.0,0.0,0.02564102564102564
577,75,"POLYGON ((117000 492000, 117000 493000, 116000 493000, 116000 492000, 117000 492000))",0.0,0.0,0.0,0.0,0.0,0.0,0.0,0.0,0.0,0.015384615384615385,0.0,0.0,0.0,0.0,0.0,0.0,0.0,0.015384615384615385,0.005128205128205128,0.0,0.0,0.0,0.0,0.0,0.0358974358974359
578,0,"POLYGON ((118000 482000, 118000 483000, 117000 483000, 117000 482000, 118000 482000))",0.0,0.0,0.0,0.005128205128205128,0.0,0.0,0.0,0.0,0.0,0.0,0.0,0.0,0.0,0.005128205128205128,0.0,0.0,0.0,0.0,0.0,0.0,0.0,0.0,0.0,0.0,0.010256410256410256
579,305,"POLYGON ((118000 483000, 118000 484000, 117000 484000, 117000 483000, 118000 483000))",0.0,0.0,0.0,0.0,0.0,0.0,0.0,0.0,0.0,0.0,0.0,0.0,0.0,0.005128205128205128,0.005128205128205128,0.005128205128205128,0.010256410256410256,0.005128205128205128,0.005128205128205128,0.0,0.0,0.0,0.0,0.0,0.035897435897435895
580,6585,"POLYGON ((118000 484000, 118000 485000, 117000 485000, 117000 484000, 118000 484000))",0.020512820512820513,0.025641025641025644,0.03076923076923077,0.025641025641025644,0.010256410256410256,0.020512820512820513,0.0358974358974359,0.025641025641025644,0.12820512820512822,0.08717948717948719,0.05641025641025641,0.08205128205128205,0.11282051282051282,0.08717948717948719,0.09230769230769231,0.12307692307692308,0.08205128205128205,0.09743589743589744,0.08205128205128205,0.06153846153846154,0.05128205128205129,0.0717948717948718,0.0717948717948718,0.05128205128205129,1.5333333333333337
581,8720,"POLYGON ((118000 485000, 118000 486000, 117000 486000, 117000 485000, 118000 485000))",0.025641025641025644,0.03076923076923077,0.025641025641025644,0.020512820512820513,0.0,0.010256410256410256,0.015384615384615385,0.0358974358974359,0.046153846153846156,0.05641025641025641,0.07692307692307693,0.10256410256410257,0.08717948717948719,0.1076923076923077,0.08205128205128205,0.12307692307692308,0.09230769230769231,0.09230769230769231,0.09230769230769231,0.08205128205128205,0.09743589743589744,0.0717948717948718,0.05641025641025641,0.046153846153846156,1.476923076923077
582,14345,"POLYGON ((118000 486000, 118000 487000, 117000 487000, 117000 486000, 118000 486000))",0.020512820512820513,0.025641025641025644,0.005128205128205128,0.025641025641025644,0.046153846153846156,0.020512820512820513,0.020512820512820513,0.03076923076923077,0.06153846153846154,0.10256410256410257,0.06153846153846154,0.08717948717948719,0.07692307692307693,0.13333333333333333,0.0717948717948718,0.08205128205128205,0.06666666666666667,0.08717948717948719,0.12820512820512822,0.05128205128205129,0.05641025641025641,0.09743589743589744,0.05128205128205129,0.0717948717948718,1.4820512820512821
583,10705,"POLYGON ((118000 487000, 118000 488000, 117000 488000, 117000 487000, 118000 487000))",0.11794871794871796,0.05128205128205129,0.06666666666666667,0.05128205128205129,0.07692307692307693,0.046153846153846156,0.041025641025641026,0.05641025641025641,0.22564102564102564,0.4205128205128205,0.4871794871794872,0.30256410256410254,0.24102564102564106,0.30256410256410254,0.37948717948717947,0.3333333333333333,0.24615384615384617,0.18974358974358974,0.13846153846153847,0.2512820512820513,0.23076923076923075,0.1641025641025641,0.0717948717948718,0.05128205128205129,4.543589743589743
584,8300,"POLYGON ((118000 488000, 118000 489000, 117000 489000, 117000 488000, 118000 488000))",0.0358974358974359,0.025641025641025644,0.041025641025641026,0.015384615384615385,0.020512820512820513,0.025641025641025644,0.020512820512820513,0.046153846153846156,0.06153846153846154,0.09743589743589744,0.06666666666666667,0.06153846153846154,0.06153846153846154,0.1076923076923077,0.07692307692307693,0.0717948717948718,0.15384615384615385,0.09230769230769231,0.05641025641025641,0.0358974358974359,0.05128205128205129,0.0358974358974359,0.05641025641025641,0.09743589743589744,1.4153846153846155
585,385,"POLYGON ((118000 489000, 118000 490000, 117000 490000, 117000 489000, 118000 489000))",0.020512820512820513,0.03076923076923077,0.010256410256410256,0.0,0.005128205128205128,0.005128205128205128,0.025641025641025644,0.020512820512820513,0.03076923076923077,0.0358974358974359,0.05641025641025641,0.03076923076923077,0.03076923076923077,0.025641025641025644,0.06153846153846154,0.07692307692307693,0.041025641025641026,0.046153846153846156,0.020512820512820513,0.015384615384615385,0.05641025641025641,0.0,0.025641025641025644,0.020512820512820513,0.6923076923076923
586,15,"POLYGON ((118000 490000, 118000 491000, 117000 491000, 117000 490000, 118000 490000))",0.0,0.0,0.0,0.0,0.0,0.020512820512820513,0.0,0.025641025641025644,0.005128205128205128,0.025641025641025644,0.03076923076923077,0.015384615384615385,0.025641025641025644,0.010256410256410256,0.005128205128205128,0.0,0.0,0.03076923076923077,0.010256410256410256,0.005128205128205128,0.010256410256410256,0.0,0.005128205128205128,0.010256410256410256,0.23589743589743592
587,0,"POLYGON ((118000 491000, 118000 492000, 117000 492000, 117000 491000, 118000 491000))",0.0,0.0,0.0,0.0,0.0,0.0,0.005128205128205128,0.0,0.0,0.0,0.0,0.0,0.0,0.0,0.005128205128205128,0.0,0.0,0.0,0.0,0.0,0.0,0.0,0.005128205128205128,0.0,0.015384615384615385
588,80,"POLYGON ((118000 492000, 118000 493000, 117000 493000, 117000 492000, 118000 492000))",0.0,0.0,0.0,0.0,0.0,0.0,0.0,0.0,0.0,0.0,0.005128205128205128,0.0,0.005128205128205128,0.0,0.0,0.0,0.0,0.0,0.0,0.0,0.0,0.0,0.0,0.0,0.010256410256410256
590,1345,"POLYGON ((119000 482000, 119000 483000, 118000 483000, 118000 482000, 119000 482000))",0.0,0.005128205128205128,0.0,0.010256410256410256,0.0,0.0,0.005128205128205128,0.015384615384615385,0.0,0.005128205128205128,0.0,0.020512820512820513,0.0,0.0,0.005128205128205128,0.015384615384615385,0.005128205128205128,0.0,0.0,0.005128205128205128,0.010256410256410256,0.0,0.0,0.005128205128205128,0.1076923076923077
591,640,"POLYGON ((119000 483000, 119000 484000, 118000 484000, 118000 483000, 119000 483000))",0.05128205128205129,0.046153846153846156,0.06153846153846154,0.05641025641025641,0.046153846153846156,0.005128205128205128,0.005128205128205128,0.025641025641025644,0.041025641025641026,0.06153846153846154,0.08205128205128205,0.0358974358974359,0.05641025641025641,0.0717948717948718,0.05128205128205129,0.13333333333333333,0.06666666666666667,0.08205128205128205,0.08205128205128205,0.08205128205128205,0.08205128205128205,0.09743589743589744,0.046153846153846156,0.046153846153846156,1.4153846153846155
592,11720,"POLYGON ((119000 484000, 119000 485000, 118000 485000, 118000 484000, 119000 484000))",0.06153846153846154,0.06666666666666667,0.03076923076923077,0.0717948717948718,0.046153846153846156,0.046153846153846156,0.025641025641025644,0.15384615384615385,0.14871794871794872,0.14871794871794872,0.15384615384615385,0.1641025641025641,0.1641025641025641,0.1692307692307692,0.158974358974359,0.20000000000000004,0.14871794871794872,0.13846153846153847,0.15384615384615385,0.1435897435897436,0.1076923076923077,0.09230769230769231,0.11282051282051282,0.09743589743589744,2.805128205128205
593,14815,"POLYGON ((119000 485000, 119000 486000, 118000 486000, 118000 485000, 119000 485000))",0.17948717948717952,0.1076923076923077,0.12307692307692308,0.13846153846153847,0.09743589743589744,0.06153846153846154,0.06153846153846154,0.18461538461538463,0.1641025641025641,0.26153846153846155,0.17435897435897438,0.22051282051282053,0.2717948717948718,0.26153846153846155,0.1435897435897436,0.29743589743589743,0.2820512820512821,0.18461538461538463,0.23076923076923075,0.2923076923076923,0.27692307692307694,0.36410256410256414,0.12820512820512822,0.17435897435897438,4.682051282051282
594,15120,"POLYGON ((119000 486000, 119000 487000, 118000 487000, 118000 486000, 119000 486000))",0.07692307692307693,0.08205128205128205,0.025641025641025644,0.020512820512820513,0.05128205128205129,0.015384615384615385,0.046153846153846156,0.020512820512820513,0.11794871794871796,0.158974358974359,0.15384615384615385,0.1076923076923077,0.11794871794871796,0.12820512820512822,0.12307692307692308,0.12307692307692308,0.10256410256410257,0.10256410256410257,0.0717948717948718,0.10256410256410257,0.0717948717948718,0.08205128205128205,0.05128205128205129,0.07692307692307693,2.030769230769231
595,18135,"POLYGON ((119000 487000, 119000 488000, 118000 488000, 118000 487000, 119000 487000))",0.07692307692307693,0.10256410256410257,0.0717948717948718,0.0717948717948718,0.08205128205128205,0.0717948717948718,0.06666666666666667,0.06666666666666667,0.158974358974359,0.22051282051282053,0.22051282051282053,0.26666666666666666,0.24615384615384617,0.25641025641025644,0.24615384615384617,0.22051282051282053,0.2153846153846154,0.1692307692307692,0.14871794871794872,0.17435897435897438,0.20000000000000004,0.13333333333333333,0.17435897435897438,0.1076923076923077,3.769230769230769
596,13880,"POLYGON ((119000 488000, 119000 489000, 118000 489000, 118000 488000, 119000 488000))",0.05128205128205129,0.041025641025641026,0.025641025641025644,0.010256410256410256,0.046153846153846156,0.041025641025641026,0.010256410256410256,0.010256410256410256,0.06153846153846154,0.09743589743589744,0.14871794871794872,0.08205128205128205,0.1076923076923077,0.10256410256410257,0.1692307692307692,0.12307692307692308,0.12820512820512822,0.08205128205128205,0.09743589743589744,0.08717948717948719,0.05641025641025641,0.0358974358974359,0.06153846153846154,0.06666666666666667,1.7435897435897436
597,145,"POLYGON ((119000 489000, 119000 490000, 118000 490000, 118000 489000, 119000 489000))",0.020512820512820513,0.015384615384615385,0.0,0.0,0.005128205128205128,0.005128205128205128,0.0,0.015384615384615385,0.015384615384615385,0.0358974358974359,0.020512820512820513,0.020512820512820513,0.041025641025641026,0.046153846153846156,0.05128205128205129,0.03076923076923077,0.010256410256410256,0.041025641025641026,0.010256410256410256,0.005128205128205128,0.025641025641025644,0.020512820512820513,0.015384615384615385,0.010256410256410256,0.46153846153846156
598,10,"POLYGON ((119000 490000, 119000 491000, 118000 491000, 118000 490000, 119000 490000))",0.0,0.0,0.0,0.0,0.0,0.0,0.0,0.005128205128205128,0.0,0.010256410256410256,0.0,0.010256410256410256,0.0,0.0,0.0,0.010256410256410256,0.020512820512820513,0.020512820512820513,0.015384615384615385,0.0,0.0,0.0,0.0,0.0,0.09230769230769231
599,0,"POLYGON ((119000 491000, 119000 492000, 118000 492000, 118000 491000, 119000 491000))",0.0,0.0,0.0,0.0,0.0,0.0,0.0,0.0,0.0,0.005128205128205128,0.010256410256410256,0.0,0.010256410256410256,0.005128205128205128,0.005128205128205128,0.0,0.005128205128205128,0.005128205128205128,0.0,0.0,0.0,0.0,0.0,0.0,0.046153846153846156
602,2850,"POLYGON ((120000 481000, 120000 482000, 119000 482000, 119000 481000, 120000 481000))",0.005128205128205128,0.010256410256410256,0.005128205128205128,0.005128205128205128,0.005128205128205128,0.0,0.010256410256410256,0.005128205128205128,0.015384615384615385,0.020512820512820513,0.015384615384615385,0.025641025641025644,0.010256410256410256,0.020512820512820513,0.015384615384615385,0.0358974358974359,0.010256410256410256,0.020512820512820513,0.010256410256410256,0.010256410256410256,0.010256410256410256,0.025641025641025644,0.005128205128205128,0.0,0.29743589743589743
603,5830,"POLYGON ((120000 482000, 120000 483000, 119000 483000, 119000 482000, 120000 482000))",0.041025641025641026,0.025641025641025644,0.046153846153846156,0.041025641025641026,0.025641025641025644,0.005128205128205128,0.025641025641025644,0.041025641025641026,0.09230769230769231,0.1435897435897436,0.10256410256410257,0.15384615384615385,0.1692307692307692,0.158974358974359,0.14871794871794872,0.14871794871794872,0.158974358974359,0.05641025641025641,0.08205128205128205,0.05128205128205129,0.10256410256410257,0.05641025641025641,0.0358974358974359,0.0358974358974359,1.948717948717949
604,3325,"POLYGON ((120000 483000, 120000 484000, 119000 484000, 119000 483000, 120000 483000))",0.010256410256410256,0.010256410256410256,0.010256410256410256,0.010256410256410256,0.010256410256410256,0.010256410256410256,0.005128205128205128,0.010256410256410256,0.07692307692307693,0.08205128205128205,0.08717948717948719,0.06666666666666667,0.1076923076923077,0.11282051282051282,0.10256410256410257,0.08717948717948719,0.0717948717948718,0.09230769230769231,0.03076923076923077,0.041025641025641026,0.0358974358974359,0.046153846153846156,0.03076923076923077,0.025641025641025644,1.1743589743589744
605,13955,"POLYGON ((120000 484000, 120000 485000, 119000 485000, 119000 484000, 120000 484000))",0.11794871794871796,0.0358974358974359,0.041025641025641026,0.046153846153846156,0.06666666666666667,0.020512820512820513,0.020512820512820513,0.046153846153846156,0.06666666666666667,0.1076923076923077,0.1076923076923077,0.13333333333333333,0.17948717948717952,0.1641025641025641,0.1692307692307692,0.0717948717948718,0.13846153846153847,0.10256410256410257,0.0717948717948718,0.10256410256410257,0.09230769230769231,0.046153846153846156,0.041025641025641026,0.08205128205128205,2.0717948717948715
606,8860,"POLYGON ((120000 485000, 120000 486000, 119000 486000, 119000 485000, 120000 485000))",0.03076923076923077,0.020512820512820513,0.025641025641025644,0.010256410256410256,0.020512820512820513,0.0,0.0358974358974359,0.025641025641025644,0.06153846153846154,0.1435897435897436,0.12820512820512822,0.08717948717948719,0.11794871794871796,0.06666666666666667,0.08205128205128205,0.041025641025641026,0.06666666666666667,0.08717948717948719,0.05128205128205129,0.046153846153846156,0.0358974358974359,0.05641025641025641,0.05641025641025641,0.025641025641025644,1.3230769230769233
607,23040,"POLYGON ((120000 486000, 120000 487000, 119000 487000, 119000 486000, 120000 486000))",0.11794871794871796,0.06153846153846154,0.09230769230769231,0.046153846153846156,0.06666666666666667,0.041025641025641026,0.05128205128205129,0.08717948717948719,0.13333333333333333,0.1641025641025641,0.18461538461538463,0.19487179487179487,0.2820512820512821,0.2717948717948718,0.22051282051282053,0.18461538461538463,0.2923076923076923,0.20512820512820515,0.2153846153846154,0.1692307692307692,0.17435897435897438,0.1435897435897436,0.15384615384615385,0.08717948717948719,3.6410256410256414
608,17735,"POLYGON ((120000 487000, 120000 488000, 119000 488000, 119000 487000, 120000 487000))",0.08717948717948719,0.05641025641025641,0.06153846153846154,0.06666666666666667,0.03076923076923077,0.041025641025641026,0.03076923076923077,0.11794871794871796,0.158974358974359,0.21025641025641026,0.158974358974359,0.15384615384615385,0.18461538461538463,0.21025641025641026,0.21025641025641026,0.18461538461538463,0.13333333333333333,0.13333333333333333,0.20000000000000004,0.10256410256410257,0.06666666666666667,0.10256410256410257,0.10256410256410257,0.09230769230769231,2.8974358974358974
609,8820,"POLYGON ((120000 488000, 120000 489000, 119000 489000, 119000 488000, 120000 488000))",0.03076923076923077,0.03076923076923077,0.020512820512820513,0.020512820512820513,0.005128205128205128,0.015384615384615385,0.015384615384615385,0.025641025641025644,0.046153846153846156,0.05641025641025641,0.041025641025641026,0.025641025641025644,0.0358974358974359,0.05641025641025641,0.07692307692307693,0.046153846153846156,0.046153846153846156,0.05641025641025641,0.06153846153846154,0.03076923076923077,0.020512820512820513,0.0717948717948718,0.06666666666666667,0.06153846153846154,0.9641025641025641
610,870,"POLYGON ((120000 489000, 120000 490000, 119000 490000, 119000 489000, 120000 489000))",0.005128205128205128,0.010256410256410256,0.0,0.0,0.005128205128205128,0.015384615384615385,0.0,0.005128205128205128,0.0,0.005128205128205128,0.0,0.020512820512820513,0.0,0.005128205128205128,0.010256410256410256,0.025641025641025644,0.005128205128205128,0.020512820512820513,0.0,0.0,0.0,0.0,0.005128205128205128,0.0,0.13846153846153847
611,5,"POLYGON ((120000 490000, 120000 491000, 119000 491000, 119000 490000, 120000 490000))",0.0,0.005128205128205128,0.0,0.0,0.005128205128205128,0.0,0.0,0.0,0.005128205128205128,0.005128205128205128,0.005128205128205128,0.0,0.0,0.0,0.005128205128205128,0.0,0.0,0.0,0.0,0.0,0.0,0.0,0.0,0.0,0.03076923076923077
612,0,"POLYGON ((120000 491000, 120000 492000, 119000 492000, 119000 491000, 120000 491000))",0.0,0.0,0.0,0.0,0.005128205128205128,0.0,0.0,0.0,0.005128205128205128,0.0,0.0,0.0,0.0,0.0,0.0,0.010256410256410256,0.010256410256410256,0.010256410256410256,0.010256410256410256,0.010256410256410256,0.0,0.0,0.0,0.0,0.06153846153846154
613,45,"POLYGON ((120000 492000, 120000 493000, 119000 493000, 119000 492000, 120000 492000))",0.0,0.0,0.0,0.0,0.0,0.0,0.0,0.0,0.005128205128205128,0.0,0.005128205128205128,0.0,0.0,0.0,0.0,0.0,0.015384615384615385,0.005128205128205128,0.0,0.0,0.0,0.0,0.0,0.0,0.030769230769230767
614,125,"POLYGON ((120000 493000, 120000 494000, 119000 494000, 119000 493000, 120000 493000))",0.0,0.0,0.0,0.0,0.0,0.0,0.0,0.0,0.0,0.0,0.0,0.0,0.0,0.0,0.005128205128205128,0.0,0.0,0.005128205128205128,0.0,0.005128205128205128,0.0,0.0,0.005128205128205128,0.0,0.020512820512820513
615,2760,"POLYGON ((121000 481000, 121000 482000, 120000 482000, 120000 481000, 121000 481000))",0.0,0.0,0.0,0.005128205128205128,0.005128205128205128,0.010256410256410256,0.0,0.015384615384615385,0.005128205128205128,0.0,0.005128205128205128,0.015384615384615385,0.020512820512820513,0.010256410256410256,0.010256410256410256,0.010256410256410256,0.005128205128205128,0.010256410256410256,0.005128205128205128,0.0,0.0,0.005128205128205128,0.0,0.010256410256410256,0.1487179487179487
616,9105,"POLYGON ((121000 482000, 121000 483000, 120000 483000, 120000 482000, 121000 482000))",0.05641025641025641,0.0717948717948718,0.03076923076923077,0.041025641025641026,0.0358974358974359,0.03076923076923077,0.05128205128205129,0.06666666666666667,0.13846153846153847,0.20512820512820515,0.20000000000000004,0.22564102564102564,0.15384615384615385,0.23589743589743592,0.19487179487179487,0.13333333333333333,0.0717948717948718,0.11794871794871796,0.08205128205128205,0.1076923076923077,0.13846153846153847,0.0717948717948718,0.0717948717948718,0.046153846153846156,2.5794871794871796
617,2730,"POLYGON ((121000 483000, 121000 484000, 120000 484000, 120000 483000, 121000 483000))",0.015384615384615385,0.005128205128205128,0.0,0.0,0.0358974358974359,0.015384615384615385,0.0,0.010256410256410256,0.015384615384615385,0.0358974358974359,0.041025641025641026,0.046153846153846156,0.041025641025641026,0.0358974358974359,0.020512820512820513,0.0358974358974359,0.020512820512820513,0.0358974358974359,0.010256410256410256,0.03076923076923077,0.010256410256410256,0.0358974358974359,0.015384615384615385,0.005128205128205128,0.5179487179487179
618,7810,"POLYGON ((121000 484000, 121000 485000, 120000 485000, 120000 484000, 121000 484000))",0.041025641025641026,0.03076923076923077,0.025641025641025644,0.025641025641025644,0.010256410256410256,0.010256410256410256,0.010256410256410256,0.041025641025641026,0.0717948717948718,0.05128205128205129,0.0717948717948718,0.0717948717948718,0.09743589743589744,0.08717948717948719,0.11282051282051282,0.08205128205128205,0.09230769230769231,0.0717948717948718,0.0717948717948718,0.06153846153846154,0.025641025641025644,0.03076923076923077,0.06153846153846154,0.03076923076923077,1.2871794871794875
619,11225,"POLYGON ((121000 485000, 121000 486000, 120000 486000, 120000 485000, 121000 485000))",0.06153846153846154,0.09230769230769231,0.08717948717948719,0.046153846153846156,0.046153846153846156,0.025641025641025644,0.06666666666666667,0.041025641025641026,0.0717948717948718,0.1076923076923077,0.13333333333333333,0.2512820512820513,0.2923076923076923,0.2923076923076923,0.21025641025641026,0.2512820512820513,0.2153846153846154,0.1692307692307692,0.17435897435897438,0.15384615384615385,0.158974358974359,0.20512820512820515,0.22051282051282053,0.1076923076923077,3.482051282051282
620,13315,"POLYGON ((121000 486000, 121000 487000, 120000 487000, 120000 486000, 121000 486000))",0.24615384615384617,0.22051282051282053,0.2923076923076923,0.27692307692307694,0.22564102564102564,0.12307692307692308,0.11282051282051282,0.21025641025641026,0.317948717948718,0.34358974358974365,0.34871794871794876,0.4666666666666666,0.4102564102564103,0.517948717948718,0.476923076923077,0.5384615384615384,0.47692307692307695,0.39487179487179486,0.39999999999999997,0.4000000000000001,0.39487179487179486,0.3025641025641026,0.3282051282051282,0.36923076923076925,8.194871794871794
621,17735,"POLYGON ((121000 487000, 121000 488000, 120000 488000, 120000 487000, 121000 487000))",0.14871794871794872,0.1435897435897436,0.13846153846153847,0.11794871794871796,0.08205128205128205,0.046153846153846156,0.0358974358974359,0.15384615384615385,0.17948717948717952,0.3076923076923077,0.26153846153846155,0.2564102564102564,0.26153846153846155,0.23076923076923075,0.20000000000000004,0.24615384615384617,0.25641025641025644,0.23589743589743592,0.23589743589743592,0.1692307692307692,0.15384615384615385,0.1692307692307692,0.1641025641025641,0.15384615384615385,4.348717948717949
622,17815,"POLYGON ((121000 488000, 121000 489000, 120000 489000, 120000 488000, 121000 488000))",0.20512820512820515,0.1641025641025641,0.10256410256410257,0.11282051282051282,0.11282051282051282,0.09743589743589744,0.1076923076923077,0.11794871794871796,0.2717948717948718,0.317948717948718,0.24615384615384617,0.3282051282051282,0.38461538461538464,0.3128205128205128,0.26666666666666666,0.24615384615384617,0.34871794871794876,0.25641025641025644,0.26153846153846155,0.21025641025641026,0.2512820512820513,0.2717948717948718,0.19487179487179487,0.25641025641025644,5.446153846153846
623,10160,"POLYGON ((121000 489000, 121000 490000, 120000 490000, 120000 489000, 121000 489000))",0.07692307692307693,0.05128205128205129,0.0358974358974359,0.020512820512820513,0.03076923076923077,0.025641025641025644,0.005128205128205128,0.0717948717948718,0.05641025641025641,0.12307692307692308,0.12307692307692308,0.10256410256410257,0.12307692307692308,0.13846153846153847,0.17435897435897438,0.1435897435897436,0.09743589743589744,0.18974358974358974,0.1076923076923077,0.06153846153846154,0.1076923076923077,0.05641025641025641,0.06153846153846154,0.05128205128205129,2.035897435897436
624,25,"POLYGON ((121000 490000, 121000 491000, 120000 491000, 120000 490000, 121000 490000))",0.0,0.0,0.0,0.0,0.0,0.0,0.0,0.0,0.005128205128205128,0.0,0.0,0.0,0.010256410256410256,0.0,0.0,0.005128205128205128,0.0,0.005128205128205128,0.005128205128205128,0.005128205128205128,0.005128205128205128,0.0,0.005128205128205128,0.0,0.046153846153846156
625,1410,"POLYGON ((121000 491000, 121000 492000, 120000 492000, 120000 491000, 121000 491000))",0.0,0.0,0.015384615384615385,0.005128205128205128,0.0,0.0,0.005128205128205128,0.0,0.0,0.025641025641025644,0.020512820512820513,0.015384615384615385,0.010256410256410256,0.010256410256410256,0.015384615384615385,0.0358974358974359,0.0,0.005128205128205128,0.015384615384615385,0.0,0.010256410256410256,0.005128205128205128,0.005128205128205128,0.0,0.2
626,4585,"POLYGON ((121000 492000, 121000 493000, 120000 493000, 120000 492000, 121000 492000))",0.05641025641025641,0.015384615384615385,0.020512820512820513,0.0358974358974359,0.010256410256410256,0.015384615384615385,0.025641025641025644,0.020512820512820513,0.046153846153846156,0.05128205128205129,0.06153846153846154,0.05128205128205129,0.05641025641025641,0.06666666666666667,0.12307692307692308,0.041025641025641026,0.06666666666666667,0.06666666666666667,0.046153846153846156,0.06666666666666667,0.03076923076923077,0.020512820512820513,0.046153846153846156,0.020512820512820513,1.0615384615384615
627,230,"POLYGON ((121000 493000, 121000 494000, 120000 494000, 120000 493000, 121000 493000))",0.0,0.0,0.0,0.0,0.0,0.0,0.0,0.0,0.0,0.0,0.0,0.0,0.0,0.0,0.0,0.0,0.005128205128205128,0.0,0.0,0.0,0.0,0.0,0.0,0.0,0.005128205128205128
628,165,"POLYGON ((122000 481000, 122000 482000, 121000 482000, 121000 481000, 122000 481000))",0.0,0.0,0.0,0.0,0.0,0.0,0.0,0.0,0.0,0.0,0.0,0.0,0.005128205128205128,0.0,0.0,0.0,0.0,0.0,0.005128205128205128,0.0,0.0,0.0,0.0,0.0,0.010256410256410256
629,655,"POLYGON ((122000 482000, 122000 483000, 121000 483000, 121000 482000, 122000 482000))",0.010256410256410256,0.010256410256410256,0.005128205128205128,0.005128205128205128,0.005128205128205128,0.0,0.0,0.0,0.020512820512820513,0.046153846153846156,0.041025641025641026,0.046153846153846156,0.041025641025641026,0.05128205128205129,0.041025641025641026,0.03076923076923077,0.046153846153846156,0.005128205128205128,0.015384615384615385,0.020512820512820513,0.005128205128205128,0.015384615384615385,0.010256410256410256,0.015384615384615385,0.4871794871794872
630,5795,"POLYGON ((122000 483000, 122000 484000, 121000 484000, 121000 483000, 122000 483000))",0.015384615384615385,0.015384615384615385,0.020512820512820513,0.005128205128205128,0.015384615384615385,0.020512820512820513,0.005128205128205128,0.020512820512820513,0.0358974358974359,0.10256410256410257,0.06153846153846154,0.05128205128205129,0.08205128205128205,0.08205128205128205,0.06666666666666667,0.10256410256410257,0.0717948717948718,0.03076923076923077,0.0358974358974359,0.0358974358974359,0.06666666666666667,0.05128205128205129,0.05128205128205129,0.05128205128205129,1.0974358974358975
631,19415,"POLYGON ((122000 484000, 122000 485000, 121000 485000, 121000 484000, 122000 484000))",0.0717948717948718,0.06153846153846154,0.05641025641025641,0.05128205128205129,0.05641025641025641,0.020512820512820513,0.07692307692307693,0.09230769230769231,0.12820512820512822,0.19487179487179487,0.18461538461538463,0.15384615384615385,0.23076923076923075,0.1435897435897436,0.1641025641025641,0.17948717948717952,0.158974358974359,0.1435897435897436,0.12820512820512822,0.11282051282051282,0.10256410256410257,0.08717948717948719,0.12820512820512822,0.07692307692307693,2.8051282051282054
632,20135,"POLYGON ((122000 485000, 122000 486000, 121000 486000, 121000 485000, 122000 485000))",0.12307692307692308,0.0358974358974359,0.0358974358974359,0.05128205128205129,0.06666666666666667,0.041025641025641026,0.020512820512820513,0.07692307692307693,0.10256410256410257,0.18974358974358974,0.13333333333333333,0.14871794871794872,0.1641025641025641,0.22564102564102564,0.15384615384615385,0.20512820512820515,0.14871794871794872,0.158974358974359,0.14871794871794872,0.17435897435897438,0.08717948717948719,0.12820512820512822,0.11282051282051282,0.05641025641025641,2.7897435897435896
633,9100,"POLYGON ((122000 486000, 122000 487000, 121000 487000, 121000 486000, 122000 486000))",0.1435897435897436,0.158974358974359,0.1435897435897436,0.1692307692307692,0.1076923076923077,0.06666666666666667,0.046153846153846156,0.05128205128205129,0.0358974358974359,0.11282051282051282,0.12820512820512822,0.1641025641025641,0.21025641025641026,0.17948717948717952,0.1435897435897436,0.20512820512820515,0.15384615384615385,0.1692307692307692,0.13846153846153847,0.14871794871794872,0.12820512820512822,0.13333333333333333,0.13333333333333333,0.22051282051282053,3.292307692307692
634,11640,"POLYGON ((122000 487000, 122000 488000, 121000 488000, 121000 487000, 122000 487000))",0.3025641025641026,0.3128205128205128,0.3128205128205128,0.19487179487179487,0.158974358974359,0.12307692307692308,0.09743589743589744,0.1692307692307692,0.22051282051282053,0.2820512820512821,0.37948717948717947,0.35384615384615387,0.34871794871794876,0.47179487179487184,0.5641025641025642,0.47179487179487184,0.5743589743589744,0.46666666666666673,0.4307692307692308,0.5076923076923078,0.5538461538461539,0.5282051282051282,0.4666666666666666,0.5846153846153846,8.876923076923077
635,6870,"POLYGON ((122000 488000, 122000 489000, 121000 489000, 121000 488000, 122000 488000))",0.11794871794871796,0.0358974358974359,0.041025641025641026,0.08717948717948719,0.046153846153846156,0.05641025641025641,0.015384615384615385,0.041025641025641026,0.08205128205128205,0.13333333333333333,0.1435897435897436,0.1435897435897436,0.15384615384615385,0.158974358974359,0.17435897435897438,0.21025641025641026,0.20512820512820515,0.14871794871794872,0.18461538461538463,0.14871794871794872,0.11282051282051282,0.11794871794871796,0.1076923076923077,0.1435897435897436,2.8102564102564105
636,1920,"POLYGON ((122000 489000, 122000 490000, 121000 490000, 121000 489000, 122000 489000))",0.010256410256410256,0.0,0.0,0.0,0.0,0.0,0.0,0.005128205128205128,0.010256410256410256,0.005128205128205128,0.015384615384615385,0.0358974358974359,0.03076923076923077,0.03076923076923077,0.010256410256410256,0.0358974358974359,0.0358974358974359,0.010256410256410256,0.010256410256410256,0.010256410256410256,0.015384615384615385,0.005128205128205128,0.005128205128205128,0.020512820512820513,0.3025641025641026
637,2605,"POLYGON ((122000 490000, 122000 491000, 121000 491000, 121000 490000, 122000 490000))",0.005128205128205128,0.015384615384615385,0.005128205128205128,0.020512820512820513,0.005128205128205128,0.0,0.020512820512820513,0.015384615384615385,0.020512820512820513,0.010256410256410256,0.005128205128205128,0.03076923076923077,0.03076923076923077,0.025641025641025644,0.05128205128205129,0.0358974358974359,0.010256410256410256,0.025641025641025644,0.020512820512820513,0.025641025641025644,0.005128205128205128,0.005128205128205128,0.020512820512820513,0.015384615384615385,0.4256410256410257
638,6565,"POLYGON ((122000 491000, 122000 492000, 121000 492000, 121000 491000, 122000 491000))",0.041025641025641026,0.015384615384615385,0.015384615384615385,0.005128205128205128,0.041025641025641026,0.0358974358974359,0.020512820512820513,0.020512820512820513,0.05641025641025641,0.020512820512820513,0.0717948717948718,0.0717948717948718,0.08205128205128205,0.06666666666666667,0.05128205128205129,0.06153846153846154,0.10256410256410257,0.041025641025641026,0.06153846153846154,0.06666666666666667,0.0717948717948718,0.05641025641025641,0.05128205128205129,0.046153846153846156,1.1743589743589744
639,6975,"POLYGON ((122000 492000, 122000 493000, 121000 493000, 121000 492000, 122000 492000))",0.046153846153846156,0.020512820512820513,0.025641025641025644,0.005128205128205128,0.005128205128205128,0.015384615384615385,0.020512820512820513,0.03076923076923077,0.041025641025641026,0.06666666666666667,0.07692307692307693,0.09743589743589744,0.08205128205128205,0.046153846153846156,0.08205128205128205,0.0717948717948718,0.046153846153846156,0.05128205128205129,0.06666666666666667,0.041025641025641026,0.05641025641025641,0.025641025641025644,0.041025641025641026,0.046153846153846156,1.1076923076923078
640,590,"POLYGON ((122000 493000, 122000 494000, 121000 494000, 121000 493000, 122000 493000))",0.005128205128205128,0.0,0.0,0.0,0.005128205128205128,0.0,0.005128205128205128,0.015384615384615385,0.03076923076923077,0.010256410256410256,0.0358974358974359,0.020512820512820513,0.015384615384615385,0.020512820512820513,0.010256410256410256,0.025641025641025644,0.020512820512820513,0.025641025641025644,0.010256410256410256,0.005128205128205128,0.015384615384615385,0.005128205128205128,0.015384615384615385,0.025641025641025644,0.3230769230769231
642,580,"POLYGON ((123000 482000, 123000 483000, 122000 483000, 122000 482000, 123000 482000))",0.0,0.0,0.0,0.0,0.0,0.0,0.010256410256410256,0.0,0.005128205128205128,0.0,0.0,0.0,0.0,0.015384615384615385,0.005128205128205128,0.0,0.0,0.005128205128205128,0.005128205128205128,0.0,0.010256410256410256,0.0,0.0,0.0,0.05641025641025641
643,4280,"POLYGON ((123000 483000, 123000 484000, 122000 484000, 122000 483000, 123000 483000))",0.0358974358974359,0.046153846153846156,0.005128205128205128,0.025641025641025644,0.010256410256410256,0.005128205128205128,0.020512820512820513,0.03076923076923077,0.005128205128205128,0.020512820512820513,0.0358974358974359,0.0358974358974359,0.0358974358974359,0.041025641025641026,0.06666666666666667,0.041025641025641026,0.015384615384615385,0.06666666666666667,0.046153846153846156,0.03076923076923077,0.020512820512820513,0.0358974358974359,0.041025641025641026,0.03076923076923077,0.7487179487179487
644,14120,"POLYGON ((123000 484000, 123000 485000, 122000 485000, 122000 484000, 123000 484000))",0.025641025641025644,0.046153846153846156,0.03076923076923077,0.0358974358974359,0.025641025641025644,0.07692307692307693,0.03076923076923077,0.08717948717948719,0.13333333333333333,0.08717948717948719,0.158974358974359,0.1692307692307692,0.13333333333333333,0.20512820512820515,0.18461538461538463,0.12307692307692308,0.1076923076923077,0.12820512820512822,0.13846153846153847,0.09743589743589744,0.09743589743589744,0.09743589743589744,0.12307692307692308,0.09230769230769231,2.435897435897436
645,16185,"POLYGON ((123000 485000, 123000 486000, 122000 486000, 122000 485000, 123000 485000))",0.15384615384615385,0.12820512820512822,0.06153846153846154,0.08205128205128205,0.08205128205128205,0.05128205128205129,0.0358974358974359,0.13846153846153847,0.22051282051282053,0.38974358974358975,0.5230769230769231,0.3128205128205128,0.26153846153846155,0.3025641025641026,0.4102564102564103,0.4051282051282051,0.4256410256410256,0.31794871794871793,0.3025641025641026,0.2923076923076923,0.3025641025641026,0.20000000000000004,0.19487179487179487,0.1076923076923077,5.702564102564103
646,10625,"POLYGON ((123000 486000, 123000 487000, 122000 487000, 122000 486000, 123000 486000))",0.025641025641025644,0.025641025641025644,0.03076923076923077,0.03076923076923077,0.020512820512820513,0.015384615384615385,0.025641025641025644,0.05128205128205129,0.0717948717948718,0.14871794871794872,0.15384615384615385,0.1435897435897436,0.09230769230769231,0.14871794871794872,0.11282051282051282,0.1076923076923077,0.08205128205128205,0.1076923076923077,0.09743589743589744,0.10256410256410257,0.07692307692307693,0.09743589743589744,0.08717948717948719,0.05128205128205129,1.9076923076923076
647,4895,"POLYGON ((123000 487000, 123000 488000, 122000 488000, 122000 487000, 123000 487000))",0.08205128205128205,0.05641025641025641,0.09743589743589744,0.09230769230769231,0.06666666666666667,0.015384615384615385,0.046153846153846156,0.041025641025641026,0.1076923076923077,0.1435897435897436,0.1435897435897436,0.1076923076923077,0.14871794871794872,0.14871794871794872,0.11794871794871796,0.0717948717948718,0.13333333333333333,0.13333333333333333,0.14871794871794872,0.09230769230769231,0.13333333333333333,0.09230769230769231,0.1076923076923077,0.08717948717948719,2.4153846153846157
648,4695,"POLYGON ((123000 488000, 123000 489000, 122000 489000, 122000 488000, 123000 488000))",0.046153846153846156,0.05128205128205129,0.03076923076923077,0.010256410256410256,0.010256410256410256,0.020512820512820513,0.025641025641025644,0.015384615384615385,0.046153846153846156,0.046153846153846156,0.06153846153846154,0.0717948717948718,0.07692307692307693,0.09743589743589744,0.07692307692307693,0.11282051282051282,0.06666666666666667,0.06153846153846154,0.046153846153846156,0.025641025641025644,0.03076923076923077,0.06666666666666667,0.05641025641025641,0.020512820512820513,1.1743589743589744
649,6935,"POLYGON ((123000 489000, 123000 490000, 122000 490000, 122000 489000, 123000 489000))",0.046153846153846156,0.0717948717948718,0.0358974358974359,0.03076923076923077,0.020512820512820513,0.025641025641025644,0.05128205128205129,0.015384615384615385,0.11282051282051282,0.09743589743589744,0.12307692307692308,0.14871794871794872,0.13846153846153847,0.10256410256410257,0.10256410256410257,0.09743589743589744,0.10256410256410257,0.11794871794871796,0.08717948717948719,0.12307692307692308,0.046153846153846156,0.08717948717948719,0.05641025641025641,0.046153846153846156,1.8871794871794874
650,5975,"POLYGON ((123000 490000, 123000 491000, 122000 491000, 122000 490000, 123000 490000))",0.025641025641025644,0.0358974358974359,0.010256410256410256,0.015384615384615385,0.015384615384615385,0.015384615384615385,0.0717948717948718,0.005128205128205128,0.06153846153846154,0.0717948717948718,0.07692307692307693,0.09230769230769231,0.09230769230769231,0.11282051282051282,0.06666666666666667,0.03076923076923077,0.0358974358974359,0.05128205128205129,0.03076923076923077,0.06666666666666667,0.06153846153846154,0.05128205128205129,0.05128205128205129,0.020512820512820513,1.169230769230769
651,4550,"POLYGON ((123000 491000, 123000 492000, 122000 492000, 122000 491000, 123000 491000))",0.015384615384615385,0.010256410256410256,0.025641025641025644,0.0,0.010256410256410256,0.015384615384615385,0.005128205128205128,0.005128205128205128,0.020512820512820513,0.0358974358974359,0.025641025641025644,0.05641025641025641,0.041025641025641026,0.06666666666666667,0.03076923076923077,0.06153846153846154,0.020512820512820513,0.03076923076923077,0.03076923076923077,0.041025641025641026,0.015384615384615385,0.0358974358974359,0.015384615384615385,0.005128205128205128,0.6205128205128205
652,1400,"POLYGON ((123000 492000, 123000 493000, 122000 493000, 122000 492000, 123000 492000))",0.005128205128205128,0.010256410256410256,0.005128205128205128,0.046153846153846156,0.020512820512820513,0.005128205128205128,0.041025641025641026,0.025641025641025644,0.020512820512820513,0.010256410256410256,0.025641025641025644,0.046153846153846156,0.05128205128205129,0.0358974358974359,0.06153846153846154,0.046153846153846156,0.005128205128205128,0.0358974358974359,0.03076923076923077,0.03076923076923077,0.015384615384615385,0.020512820512820513,0.015384615384615385,0.005128205128205128,0.6153846153846154
654,0,"POLYGON ((124000 480000, 124000 481000, 123000 481000, 123000 480000, 124000 480000))",0.0,0.0,0.005128205128205128,0.0,0.0,0.0,0.0,0.0,0.005128205128205128,0.0,0.0,0.0,0.005128205128205128,0.005128205128205128,0.0,0.0,0.005128205128205128,0.0,0.005128205128205128,0.0,0.0,0.005128205128205128,0.0,0.0,0.035897435897435895
655,25,"POLYGON ((124000 482000, 124000 483000, 123000 483000, 123000 482000, 124000 482000))",0.0,0.0,0.005128205128205128,0.0,0.0,0.0,0.0,0.005128205128205128,0.0,0.005128205128205128,0.0,0.0,0.005128205128205128,0.005128205128205128,0.0,0.0,0.0,0.0,0.005128205128205128,0.005128205128205128,0.005128205128205128,0.005128205128205128,0.0,0.0,0.046153846153846156
656,3650,"POLYGON ((124000 483000, 124000 484000, 123000 484000, 123000 483000, 124000 483000))",0.03076923076923077,0.005128205128205128,0.020512820512820513,0.010256410256410256,0.015384615384615385,0.0,0.015384615384615385,0.08717948717948719,0.13846153846153847,0.08205128205128205,0.05128205128205129,0.08717948717948719,0.09230769230769231,0.046153846153846156,0.06153846153846154,0.046153846153846156,0.0717948717948718,0.046153846153846156,0.03076923076923077,0.06666666666666667,0.0358974358974359,0.046153846153846156,0.05128205128205129,0.06153846153846154,1.2000000000000002
657,6475,"POLYGON ((124000 484000, 124000 485000, 123000 485000, 123000 484000, 124000 484000))",0.020512820512820513,0.025641025641025644,0.0,0.015384615384615385,0.015384615384615385,0.025641025641025644,0.0358974358974359,0.03076923076923077,0.08717948717948719,0.05128205128205129,0.07692307692307693,0.046153846153846156,0.08717948717948719,0.09743589743589744,0.05128205128205129,0.05641025641025641,0.05641025641025641,0.06153846153846154,0.06666666666666667,0.025641025641025644,0.041025641025641026,0.046153846153846156,0.06153846153846154,0.046153846153846156,1.1282051282051282
658,16735,"POLYGON ((124000 485000, 124000 486000, 123000 486000, 123000 485000, 124000 485000))",0.1076923076923077,0.08205128205128205,0.09230769230769231,0.05641025641025641,0.08205128205128205,0.05128205128205129,0.07692307692307693,0.0717948717948718,0.12307692307692308,0.15384615384615385,0.1435897435897436,0.20512820512820515,0.21025641025641026,0.2153846153846154,0.18461538461538463,0.17435897435897438,0.17948717948717952,0.18461538461538463,0.18974358974358974,0.158974358974359,0.1435897435897436,0.13333333333333333,0.09230769230769231,0.1435897435897436,3.256410256410257
659,13485,"POLYGON ((124000 486000, 124000 487000, 123000 487000, 123000 486000, 124000 486000))",0.06153846153846154,0.08205128205128205,0.03076923076923077,0.0717948717948718,0.03076923076923077,0.0358974358974359,0.08205128205128205,0.05128205128205129,0.11282051282051282,0.09230769230769231,0.15384615384615385,0.13846153846153847,0.18974358974358974,0.12820512820512822,0.12820512820512822,0.13846153846153847,0.07692307692307693,0.13846153846153847,0.08717948717948719,0.1076923076923077,0.1076923076923077,0.1076923076923077,0.08717948717948719,0.10256410256410257,2.343589743589744
660,8120,"POLYGON ((124000 487000, 124000 488000, 123000 488000, 123000 487000, 124000 487000))",0.010256410256410256,0.020512820512820513,0.020512820512820513,0.005128205128205128,0.015384615384615385,0.015384615384615385,0.03076923076923077,0.005128205128205128,0.0358974358974359,0.03076923076923077,0.06153846153846154,0.07692307692307693,0.0717948717948718,0.05128205128205129,0.015384615384615385,0.046153846153846156,0.0358974358974359,0.05128205128205129,0.03076923076923077,0.05641025641025641,0.05128205128205129,0.05128205128205129,0.041025641025641026,0.046153846153846156,0.8769230769230769
661,4340,"POLYGON ((124000 488000, 124000 489000, 123000 489000, 123000 488000, 124000 488000))",0.015384615384615385,0.025641025641025644,0.0,0.0,0.0,0.015384615384615385,0.010256410256410256,0.025641025641025644,0.046153846153846156,0.03076923076923077,0.046153846153846156,0.06666666666666667,0.03076923076923077,0.041025641025641026,0.0717948717948718,0.06666666666666667,0.0358974358974359,0.05128205128205129,0.0358974358974359,0.046153846153846156,0.020512820512820513,0.03076923076923077,0.025641025641025644,0.020512820512820513,0.758974358974359
662,3900,"POLYGON ((124000 489000, 124000 490000, 123000 490000, 123000 489000, 124000 489000))",0.0358974358974359,0.046153846153846156,0.010256410256410256,0.020512820512820513,0.015384615384615385,0.005128205128205128,0.025641025641025644,0.025641025641025644,0.041025641025641026,0.05641025641025641,0.06153846153846154,0.05641025641025641,0.07692307692307693,0.06666666666666667,0.0717948717948718,0.05128205128205129,0.05128205128205129,0.06666666666666667,0.03076923076923077,0.07692307692307693,0.010256410256410256,0.046153846153846156,0.0358974358974359,0.0717948717948718,1.0564102564102564
663,3890,"POLYGON ((124000 490000, 124000 491000, 123000 491000, 123000 490000, 124000 490000))",0.0358974358974359,0.03076923076923077,0.015384615384615385,0.03076923076923077,0.010256410256410256,0.010256410256410256,0.041025641025641026,0.08717948717948719,0.14871794871794872,0.2153846153846154,0.23589743589743586,0.19487179487179487,0.21025641025641026,0.2153846153846154,0.1641025641025641,0.11282051282051282,0.11282051282051282,0.09230769230769231,0.1076923076923077,0.06666666666666667,0.07692307692307693,0.046153846153846156,0.0717948717948718,0.025641025641025644,2.3589743589743586
664,7145,"POLYGON ((124000 491000, 124000 492000, 123000 492000, 123000 491000, 124000 491000))",0.041025641025641026,0.020512820512820513,0.015384615384615385,0.015384615384615385,0.020512820512820513,0.010256410256410256,0.010256410256410256,0.0358974358974359,0.05641025641025641,0.0717948717948718,0.020512820512820513,0.025641025641025644,0.10256410256410257,0.06153846153846154,0.07692307692307693,0.06153846153846154,0.041025641025641026,0.06666666666666667,0.046153846153846156,0.010256410256410256,0.05128205128205129,0.05641025641025641,0.041025641025641026,0.046153846153846156,1.005128205128205
665,0,"POLYGON ((124000 492000, 124000 493000, 123000 493000, 123000 492000, 124000 492000))",0.0,0.0,0.0,0.0,0.0,0.0,0.0,0.0,0.0,0.0,0.0,0.0,0.0,0.0,0.0,0.0,0.0,0.005128205128205128,0.0,0.0,0.0,0.0,0.0,0.0,0.005128205128205128
667,105,"POLYGON ((125000 478000, 125000 479000, 124000 479000, 124000 478000, 125000 478000))",0.0,0.0,0.0,0.0,0.0,0.0,0.0,0.005128205128205128,0.010256410256410256,0.0,0.0,0.005128205128205128,0.005128205128205128,0.005128205128205128,0.0,0.0,0.010256410256410256,0.010256410256410256,0.0,0.010256410256410256,0.005128205128205128,0.005128205128205128,0.005128205128205128,0.0,0.07692307692307693
668,15,"POLYGON ((125000 479000, 125000 480000, 124000 480000, 124000 479000, 125000 479000))",0.0,0.0,0.0,0.0,0.0,0.0,0.0,0.010256410256410256,0.005128205128205128,0.005128205128205128,0.015384615384615385,0.020512820512820513,0.005128205128205128,0.025641025641025644,0.0,0.010256410256410256,0.010256410256410256,0.025641025641025644,0.025641025641025644,0.010256410256410256,0.0,0.005128205128205128,0.0,0.0,0.17435897435897438
669,410,"POLYGON ((125000 480000, 125000 481000, 124000 481000, 124000 480000, 125000 480000))",0.0,0.010256410256410256,0.005128205128205128,0.0,0.010256410256410256,0.0,0.0,0.005128205128205128,0.010256410256410256,0.020512820512820513,0.025641025641025644,0.0717948717948718,0.041025641025641026,0.06666666666666667,0.05128205128205129,0.05641025641025641,0.020512820512820513,0.020512820512820513,0.03076923076923077,0.010256410256410256,0.0358974358974359,0.015384615384615385,0.046153846153846156,0.03076923076923077,0.5846153846153848
670,6140,"POLYGON ((125000 481000, 125000 482000, 124000 482000, 124000 481000, 125000 481000))",0.06666666666666667,0.0358974358974359,0.03076923076923077,0.015384615384615385,0.0,0.025641025641025644,0.03076923076923077,0.020512820512820513,0.05128205128205129,0.07692307692307693,0.08717948717948719,0.03076923076923077,0.09230769230769231,0.09230769230769231,0.0358974358974359,0.05641025641025641,0.08205128205128205,0.06153846153846154,0.046153846153846156,0.05641025641025641,0.046153846153846156,0.03076923076923077,0.025641025641025644,0.06666666666666667,1.1641025641025642
671,2180,"POLYGON ((125000 482000, 125000 483000, 124000 483000, 124000 482000, 125000 482000))",0.0,0.0,0.0,0.005128205128205128,0.005128205128205128,0.0,0.005128205128205128,0.010256410256410256,0.0,0.005128205128205128,0.0,0.005128205128205128,0.005128205128205128,0.005128205128205128,0.010256410256410256,0.0,0.0,0.010256410256410256,0.0,0.0,0.005128205128205128,0.0,0.0,0.0,0.07179487179487179
672,2790,"POLYGON ((125000 483000, 125000 484000, 124000 484000, 124000 483000, 125000 483000))",0.010256410256410256,0.020512820512820513,0.010256410256410256,0.010256410256410256,0.0,0.010256410256410256,0.005128205128205128,0.025641025641025644,0.03076923076923077,0.041025641025641026,0.0358974358974359,0.0358974358974359,0.025641025641025644,0.0358974358974359,0.020512820512820513,0.015384615384615385,0.0358974358974359,0.015384615384615385,0.03076923076923077,0.010256410256410256,0.015384615384615385,0.020512820512820513,0.005128205128205128,0.010256410256410256,0.4769230769230769
673,6260,"POLYGON ((125000 484000, 125000 485000, 124000 485000, 124000 484000, 125000 484000))",0.015384615384615385,0.046153846153846156,0.005128205128205128,0.015384615384615385,0.010256410256410256,0.025641025641025644,0.015384615384615385,0.015384615384615385,0.05641025641025641,0.06153846153846154,0.05641025641025641,0.05128205128205129,0.07692307692307693,0.09743589743589744,0.10256410256410257,0.09743589743589744,0.1076923076923077,0.08717948717948719,0.041025641025641026,0.046153846153846156,0.0358974358974359,0.06666666666666667,0.06153846153846154,0.015384615384615385,1.2102564102564104
674,14400,"POLYGON ((125000 485000, 125000 486000, 124000 486000, 124000 485000, 125000 485000))",0.020512820512820513,0.05641025641025641,0.05128205128205129,0.03076923076923077,0.025641025641025644,0.03076923076923077,0.025641025641025644,0.03076923076923077,0.07692307692307693,0.12820512820512822,0.11282051282051282,0.07692307692307693,0.13846153846153847,0.12307692307692308,0.07692307692307693,0.11794871794871796,0.09230769230769231,0.06153846153846154,0.0717948717948718,0.06666666666666667,0.0717948717948718,0.06153846153846154,0.08205128205128205,0.03076923076923077,1.6615384615384614
675,18680,"POLYGON ((125000 486000, 125000 487000, 124000 487000, 124000 486000, 125000 486000))",0.05641025641025641,0.06153846153846154,0.046153846153846156,0.041025641025641026,0.041025641025641026,0.06666666666666667,0.05128205128205129,0.05128205128205129,0.13846153846153847,0.15384615384615385,0.1692307692307692,0.158974358974359,0.17435897435897438,0.12820512820512822,0.18461538461538463,0.17435897435897438,0.15384615384615385,0.12307692307692308,0.12820512820512822,0.08717948717948719,0.12820512820512822,0.13846153846153847,0.1435897435897436,0.12820512820512822,2.7282051282051283
676,9870,"POLYGON ((125000 487000, 125000 488000, 124000 488000, 124000 487000, 125000 487000))",0.05128205128205129,0.025641025641025644,0.010256410256410256,0.015384615384615385,0.015384615384615385,0.010256410256410256,0.015384615384615385,0.025641025641025644,0.03076923076923077,0.06666666666666667,0.03076923076923077,0.07692307692307693,0.09743589743589744,0.07692307692307693,0.05641025641025641,0.07692307692307693,0.06153846153846154,0.0358974358974359,0.06666666666666667,0.05128205128205129,0.020512820512820513,0.010256410256410256,0.025641025641025644,0.05128205128205129,1.005128205128205
677,55,"POLYGON ((125000 488000, 125000 489000, 124000 489000, 124000 488000, 125000 488000))",0.0,0.0,0.0,0.0,0.0,0.0,0.0,0.0,0.0,0.0,0.0,0.005128205128205128,0.0,0.0,0.005128205128205128,0.0,0.0,0.0,0.0,0.0,0.0,0.0,0.0,0.0,0.010256410256410256
678,5960,"POLYGON ((125000 489000, 125000 490000, 124000 490000, 124000 489000, 125000 489000))",0.041025641025641026,0.05128205128205129,0.020512820512820513,0.041025641025641026,0.015384615384615385,0.0358974358974359,0.041025641025641026,0.05641025641025641,0.05641025641025641,0.03076923076923077,0.09230769230769231,0.08717948717948719,0.09230769230769231,0.05641025641025641,0.08205128205128205,0.08717948717948719,0.0358974358974359,0.0717948717948718,0.020512820512820513,0.020512820512820513,0.046153846153846156,0.03076923076923077,0.041025641025641026,0.015384615384615385,1.1692307692307693
679,7060,"POLYGON ((125000 490000, 125000 491000, 124000 491000, 124000 490000, 125000 490000))",0.03076923076923077,0.041025641025641026,0.025641025641025644,0.005128205128205128,0.010256410256410256,0.06153846153846154,0.03076923076923077,0.0358974358974359,0.09743589743589744,0.09230769230769231,0.0717948717948718,0.1076923076923077,0.1692307692307692,0.13846153846153847,0.14871794871794872,0.08717948717948719,0.08205128205128205,0.09230769230769231,0.09743589743589744,0.06666666666666667,0.09743589743589744,0.06666666666666667,0.06666666666666667,0.046153846153846156,1.7692307692307692
680,1085,"POLYGON ((125000 491000, 125000 492000, 124000 492000, 124000 491000, 125000 491000))",0.0,0.0,0.0,0.0,0.010256410256410256,0.0,0.0,0.005128205128205128,0.010256410256410256,0.005128205128205128,0.005128205128205128,0.010256410256410256,0.0,0.0,0.015384615384615385,0.0,0.005128205128205128,0.010256410256410256,0.0,0.0,0.005128205128205128,0.005128205128205128,0.0,0.0,0.08717948717948718
683,35,"POLYGON ((126000 477000, 126000 478000, 125000 478000, 125000 477000, 126000 477000))",0.0,0.0,0.0,0.010256410256410256,0.0,0.0,0.0,0.0,0.0,0.0,0.005128205128205128,0.0,0.005128205128205128,0.0,0.0,0.0,0.0,0.0,0.0,0.005128205128205128,0.0,0.005128205128205128,0.0,0.0,0.03076923076923077
684,440,"POLYGON ((126000 478000, 126000 479000, 125000 479000, 125000 478000, 126000 478000))",0.0,0.0,0.0,0.0,0.005128205128205128,0.0,0.0,0.010256410256410256,0.025641025641025644,0.005128205128205128,0.041025641025641026,0.041025641025641026,0.015384615384615385,0.046153846153846156,0.010256410256410256,0.015384615384615385,0.025641025641025644,0.041025641025641026,0.025641025641025644,0.015384615384615385,0.025641025641025644,0.010256410256410256,0.0,0.0,0.35897435897435903
685,3975,"POLYGON ((126000 479000, 126000 480000, 125000 480000, 125000 479000, 126000 479000))",0.025641025641025644,0.015384615384615385,0.025641025641025644,0.020512820512820513,0.010256410256410256,0.010256410256410256,0.020512820512820513,0.015384615384615385,0.05128205128205129,0.0358974358974359,0.0358974358974359,0.046153846153846156,0.0358974358974359,0.06666666666666667,0.0717948717948718,0.08717948717948719,0.07692307692307693,0.0358974358974359,0.05128205128205129,0.08717948717948719,0.025641025641025644,0.041025641025641026,0.03076923076923077,0.025641025641025644,0.9487179487179488
686,6395,"POLYGON ((126000 480000, 126000 481000, 125000 481000, 125000 480000, 126000 480000))",0.06666666666666667,0.05641025641025641,0.0358974358974359,0.020512820512820513,0.03076923076923077,0.025641025641025644,0.0358974358974359,0.0358974358974359,0.05128205128205129,0.11282051282051282,0.08205128205128205,0.13846153846153847,0.1076923076923077,0.1641025641025641,0.13333333333333333,0.11794871794871796,0.09743589743589744,0.1076923076923077,0.11282051282051282,0.10256410256410257,0.11282051282051282,0.08205128205128205,0.07692307692307693,0.08205128205128205,1.9897435897435898
687,8490,"POLYGON ((126000 481000, 126000 482000, 125000 482000, 125000 481000, 126000 481000))",0.046153846153846156,0.025641025641025644,0.020512820512820513,0.025641025641025644,0.041025641025641026,0.03076923076923077,0.025641025641025644,0.0358974358974359,0.06666666666666667,0.07692307692307693,0.08205128205128205,0.07692307692307693,0.158974358974359,0.13333333333333333,0.0717948717948718,0.06153846153846154,0.08717948717948719,0.041025641025641026,0.046153846153846156,0.06153846153846154,0.05128205128205129,0.041025641025641026,0.0358974358974359,0.06153846153846154,1.405128205128205
688,2410,"POLYGON ((126000 482000, 126000 483000, 125000 483000, 125000 482000, 126000 482000))",0.005128205128205128,0.0,0.0,0.0,0.0,0.0,0.015384615384615385,0.0,0.005128205128205128,0.0,0.015384615384615385,0.0,0.0,0.010256410256410256,0.005128205128205128,0.0,0.005128205128205128,0.0,0.0,0.005128205128205128,0.005128205128205128,0.010256410256410256,0.0,0.005128205128205128,0.08717948717948718
689,4925,"POLYGON ((126000 483000, 126000 484000, 125000 484000, 125000 483000, 126000 483000))",0.0,0.005128205128205128,0.020512820512820513,0.005128205128205128,0.025641025641025644,0.0,0.0,0.005128205128205128,0.020512820512820513,0.025641025641025644,0.025641025641025644,0.010256410256410256,0.03076923076923077,0.0358974358974359,0.020512820512820513,0.03076923076923077,0.020512820512820513,0.010256410256410256,0.005128205128205128,0.03076923076923077,0.015384615384615385,0.010256410256410256,0.005128205128205128,0.005128205128205128,0.36410256410256414
690,2245,"POLYGON ((126000 484000, 126000 485000, 125000 485000, 125000 484000, 126000 484000))",0.0,0.0,0.005128205128205128,0.005128205128205128,0.005128205128205128,0.0,0.0,0.005128205128205128,0.010256410256410256,0.020512820512820513,0.010256410256410256,0.015384615384615385,0.020512820512820513,0.015384615384615385,0.020512820512820513,0.010256410256410256,0.010256410256410256,0.010256410256410256,0.0,0.015384615384615385,0.03076923076923077,0.020512820512820513,0.046153846153846156,0.020512820512820513,0.29743589743589743
691,1435,"POLYGON ((126000 485000, 126000 486000, 125000 486000, 125000 485000, 126000 485000))",0.0,0.015384615384615385,0.005128205128205128,0.0,0.015384615384615385,0.0,0.005128205128205128,0.0,0.005128205128205128,0.005128205128205128,0.0358974358974359,0.041025641025641026,0.041025641025641026,0.010256410256410256,0.010256410256410256,0.005128205128205128,0.005128205128205128,0.015384615384615385,0.03076923076923077,0.010256410256410256,0.010256410256410256,0.010256410256410256,0.0,0.0,0.27692307692307694
692,925,"POLYGON ((126000 486000, 126000 487000, 125000 487000, 125000 486000, 126000 486000))",0.0,0.0,0.0,0.0,0.0,0.0,0.0,0.005128205128205128,0.020512820512820513,0.010256410256410256,0.020512820512820513,0.0,0.0,0.005128205128205128,0.005128205128205128,0.015384615384615385,0.010256410256410256,0.0,0.010256410256410256,0.0,0.010256410256410256,0.0,0.0,0.0,0.11282051282051281
693,2260,"POLYGON ((126000 487000, 126000 488000, 125000 488000, 125000 487000, 126000 487000))",0.0,0.020512820512820513,0.0,0.005128205128205128,0.0,0.010256410256410256,0.005128205128205128,0.005128205128205128,0.03076923076923077,0.020512820512820513,0.010256410256410256,0.010256410256410256,0.010256410256410256,0.005128205128205128,0.005128205128205128,0.03076923076923077,0.005128205128205128,0.015384615384615385,0.005128205128205128,0.005128205128205128,0.010256410256410256,0.015384615384615385,0.005128205128205128,0.005128205128205128,0.2358974358974359
694,655,"POLYGON ((126000 488000, 126000 489000, 125000 489000, 125000 488000, 126000 488000))",0.0,0.0,0.0,0.0,0.0,0.0,0.005128205128205128,0.005128205128205128,0.010256410256410256,0.005128205128205128,0.010256410256410256,0.005128205128205128,0.015384615384615385,0.0,0.015384615384615385,0.020512820512820513,0.005128205128205128,0.0,0.010256410256410256,0.015384615384615385,0.005128205128205128,0.0,0.005128205128205128,0.0,0.13333333333333333
695,10780,"POLYGON ((126000 489000, 126000 490000, 125000 490000, 125000 489000, 126000 489000))",0.05641025641025641,0.015384615384615385,0.0358974358974359,0.046153846153846156,0.03076923076923077,0.041025641025641026,0.03076923076923077,0.0358974358974359,0.08717948717948719,0.05641025641025641,0.0717948717948718,0.10256410256410257,0.07692307692307693,0.11282051282051282,0.09743589743589744,0.10256410256410257,0.08205128205128205,0.09230769230769231,0.08205128205128205,0.0717948717948718,0.046153846153846156,0.05641025641025641,0.06666666666666667,0.0717948717948718,1.5692307692307694
696,2195,"POLYGON ((126000 490000, 126000 491000, 125000 491000, 125000 490000, 126000 490000))",0.010256410256410256,0.005128205128205128,0.0,0.0,0.015384615384615385,0.015384615384615385,0.0,0.005128205128205128,0.010256410256410256,0.010256410256410256,0.005128205128205128,0.0,0.015384615384615385,0.041025641025641026,0.005128205128205128,0.015384615384615385,0.025641025641025644,0.015384615384615385,0.015384615384615385,0.020512820512820513,0.025641025641025644,0.010256410256410256,0.010256410256410256,0.005128205128205128,0.28205128205128205
698,25,"POLYGON ((126000 492000, 126000 493000, 125000 493000, 125000 492000, 126000 492000))",0.0,0.0,0.0,0.0,0.0,0.0,0.0,0.0,0.0,0.010256410256410256,0.0,0.0,0.005128205128205128,0.020512820512820513,0.0,0.005128205128205128,0.0,0.0,0.0,0.0,0.0,0.0,0.0,0.0,0.041025641025641026
700,130,"POLYGON ((127000 477000, 127000 478000, 126000 478000, 126000 477000, 127000 477000))",0.0,0.0,0.0,0.0,0.0,0.0,0.0,0.005128205128205128,0.0,0.0,0.0,0.0,0.0,0.0,0.005128205128205128,0.0,0.0,0.0,0.0,0.0,0.0,0.0,0.0,0.0,0.010256410256410256
701,8550,"POLYGON ((127000 478000, 127000 479000, 126000 479000, 126000 478000, 127000 478000))",0.046153846153846156,0.0358974358974359,0.041025641025641026,0.03076923076923077,0.0358974358974359,0.015384615384615385,0.0,0.020512820512820513,0.046153846153846156,0.020512820512820513,0.09230769230769231,0.08205128205128205,0.07692307692307693,0.1076923076923077,0.10256410256410257,0.05641025641025641,0.09230769230769231,0.03076923076923077,0.0717948717948718,0.046153846153846156,0.041025641025641026,0.0358974358974359,0.025641025641025644,0.06153846153846154,1.2153846153846155
702,4450,"POLYGON ((127000 479000, 127000 480000, 126000 480000, 126000 479000, 127000 479000))",0.015384615384615385,0.015384615384615385,0.015384615384615385,0.015384615384615385,0.0358974358974359,0.020512820512820513,0.005128205128205128,0.0358974358974359,0.046153846153846156,0.06153846153846154,0.09230769230769231,0.06153846153846154,0.03076923076923077,0.0717948717948718,0.07692307692307693,0.041025641025641026,0.06666666666666667,0.0717948717948718,0.041025641025641026,0.06153846153846154,0.05128205128205129,0.08205128205128205,0.05641025641025641,0.025641025641025644,1.0974358974358975
703,3580,"POLYGON ((127000 480000, 127000 481000, 126000 481000, 126000 480000, 127000 480000))",0.005128205128205128,0.03076923076923077,0.020512820512820513,0.015384615384615385,0.010256410256410256,0.020512820512820513,0.015384615384615385,0.06666666666666667,0.025641025641025644,0.03076923076923077,0.06153846153846154,0.07692307692307693,0.0717948717948718,0.07692307692307693,0.046153846153846156,0.020512820512820513,0.03076923076923077,0.041025641025641026,0.046153846153846156,0.05641025641025641,0.020512820512820513,0.025641025641025644,0.025641025641025644,0.046153846153846156,0.8871794871794871
704,12325,"POLYGON ((127000 481000, 127000 482000, 126000 482000, 126000 481000, 127000 481000))",0.0717948717948718,0.05641025641025641,0.046153846153846156,0.0358974358974359,0.0358974358974359,0.020512820512820513,0.046153846153846156,0.03076923076923077,0.0358974358974359,0.05641025641025641,0.0717948717948718,0.07692307692307693,0.11282051282051282,0.12820512820512822,0.07692307692307693,0.09230769230769231,0.13333333333333333,0.09230769230769231,0.046153846153846156,0.07692307692307693,0.10256410256410257,0.08205128205128205,0.05641025641025641,0.08717948717948719,1.6717948717948719
705,1645,"POLYGON ((127000 482000, 127000 483000, 126000 483000, 126000 482000, 127000 482000))",0.0,0.0,0.0,0.0,0.0,0.0,0.0,0.0,0.0,0.0,0.0,0.0,0.0,0.0,0.0,0.0,0.0,0.005128205128205128,0.0,0.005128205128205128,0.0,0.0,0.0,0.0,0.010256410256410256
706,55,"POLYGON ((127000 484000, 127000 485000, 126000 485000, 126000 484000, 127000 484000))",0.0,0.0,0.0,0.0,0.0,0.0,0.0,0.0,0.0,0.015384615384615385,0.0,0.0,0.0,0.0,0.0,0.0,0.0,0.0,0.005128205128205128,0.0,0.0,0.0,0.0,0.0,0.020512820512820513
707,1425,"POLYGON ((127000 485000, 127000 486000, 126000 486000, 126000 485000, 127000 485000))",0.0,0.0,0.0,0.0,0.0,0.0,0.0,0.025641025641025644,0.0,0.005128205128205128,0.0,0.0,0.0,0.0,0.005128205128205128,0.0,0.0,0.005128205128205128,0.0,0.0,0.005128205128205128,0.0,0.0,0.0,0.046153846153846156
708,540,"POLYGON ((127000 486000, 127000 487000, 126000 487000, 126000 486000, 127000 486000))",0.0,0.005128205128205128,0.005128205128205128,0.0,0.005128205128205128,0.0,0.005128205128205128,0.005128205128205128,0.020512820512820513,0.020512820512820513,0.020512820512820513,0.005128205128205128,0.010256410256410256,0.010256410256410256,0.005128205128205128,0.046153846153846156,0.020512820512820513,0.005128205128205128,0.03076923076923077,0.005128205128205128,0.010256410256410256,0.020512820512820513,0.015384615384615385,0.015384615384615385,0.28717948717948716
709,2915,"POLYGON ((127000 487000, 127000 488000, 126000 488000, 126000 487000, 127000 487000))",0.0,0.0,0.0,0.005128205128205128,0.0,0.0,0.005128205128205128,0.005128205128205128,0.0,0.005128205128205128,0.0,0.0,0.020512820512820513,0.005128205128205128,0.0,0.005128205128205128,0.010256410256410256,0.005128205128205128,0.005128205128205128,0.005128205128205128,0.005128205128205128,0.0,0.005128205128205128,0.0,0.08717948717948718
710,470,"POLYGON ((127000 488000, 127000 489000, 126000 489000, 126000 488000, 127000 488000))",0.0,0.0,0.0,0.0,0.0,0.0,0.0,0.0,0.0,0.0,0.0,0.005128205128205128,0.0,0.005128205128205128,0.0,0.0,0.0,0.0,0.005128205128205128,0.015384615384615385,0.0,0.0,0.0,0.010256410256410256,0.041025641025641026
711,1415,"POLYGON ((127000 489000, 127000 490000, 126000 490000, 126000 489000, 127000 489000))",0.010256410256410256,0.020512820512820513,0.020512820512820513,0.010256410256410256,0.005128205128205128,0.0,0.0,0.025641025641025644,0.010256410256410256,0.020512820512820513,0.015384615384615385,0.005128205128205128,0.015384615384615385,0.020512820512820513,0.015384615384615385,0.005128205128205128,0.010256410256410256,0.020512820512820513,0.020512820512820513,0.025641025641025644,0.005128205128205128,0.015384615384615385,0.015384615384615385,0.010256410256410256,0.32307692307692304
713,365,"POLYGON ((127000 491000, 127000 492000, 126000 492000, 126000 491000, 127000 491000))",0.0,0.0,0.0,0.0,0.0,0.0,0.0,0.0,0.0,0.005128205128205128,0.005128205128205128,0.0,0.005128205128205128,0.005128205128205128,0.005128205128205128,0.0,0.0,0.0,0.0,0.0,0.0,0.0,0.0,0.0,0.02564102564102564
716,7185,"POLYGON ((128000 478000, 128000 479000, 127000 479000, 127000 478000, 128000 478000))",0.041025641025641026,0.046153846153846156,0.046153846153846156,0.015384615384615385,0.005128205128205128,0.015384615384615385,0.0358974358974359,0.06666666666666667,0.08717948717948719,0.10256410256410257,0.158974358974359,0.1435897435897436,0.18974358974358974,0.19487179487179487,0.12820512820512822,0.1076923076923077,0.1435897435897436,0.08717948717948719,0.08717948717948719,0.06153846153846154,0.06666666666666667,0.0717948717948718,0.06153846153846154,0.05128205128205129,2.0153846153846158
717,4255,"POLYGON ((128000 479000, 128000 480000, 127000 480000, 127000 479000, 128000 479000))",0.010256410256410256,0.020512820512820513,0.010256410256410256,0.03076923076923077,0.010256410256410256,0.005128205128205128,0.005128205128205128,0.015384615384615385,0.015384615384615385,0.015384615384615385,0.025641025641025644,0.041025641025641026,0.010256410256410256,0.05128205128205129,0.041025641025641026,0.020512820512820513,0.041025641025641026,0.010256410256410256,0.025641025641025644,0.020512820512820513,0.010256410256410256,0.010256410256410256,0.03076923076923077,0.025641025641025644,0.5025641025641026
718,5075,"POLYGON ((128000 480000, 128000 481000, 127000 481000, 127000 480000, 128000 480000))",0.010256410256410256,0.015384615384615385,0.010256410256410256,0.020512820512820513,0.005128205128205128,0.025641025641025644,0.010256410256410256,0.005128205128205128,0.03076923076923077,0.025641025641025644,0.020512820512820513,0.05641025641025641,0.03076923076923077,0.025641025641025644,0.05641025641025641,0.046153846153846156,0.015384615384615385,0.046153846153846156,0.020512820512820513,0.025641025641025644,0.0358974358974359,0.046153846153846156,0.025641025641025644,0.015384615384615385,0.6256410256410257
719,7460,"POLYGON ((128000 481000, 128000 482000, 127000 482000, 127000 481000, 128000 481000))",0.03076923076923077,0.06153846153846154,0.015384615384615385,0.020512820512820513,0.015384615384615385,0.0358974358974359,0.005128205128205128,0.041025641025641026,0.05128205128205129,0.13333333333333333,0.07692307692307693,0.08717948717948719,0.0717948717948718,0.09743589743589744,0.06666666666666667,0.11794871794871796,0.05641025641025641,0.015384615384615385,0.020512820512820513,0.07692307692307693,0.0717948717948718,0.0717948717948718,0.046153846153846156,0.05641025641025641,1.3435897435897437
720,1540,"POLYGON ((128000 482000, 128000 483000, 127000 483000, 127000 482000, 128000 482000))",0.010256410256410256,0.0,0.015384615384615385,0.0,0.0,0.005128205128205128,0.0,0.015384615384615385,0.005128205128205128,0.015384615384615385,0.005128205128205128,0.015384615384615385,0.0,0.015384615384615385,0.025641025641025644,0.025641025641025644,0.0,0.041025641025641026,0.020512820512820513,0.025641025641025644,0.020512820512820513,0.015384615384615385,0.005128205128205128,0.020512820512820513,0.3025641025641026
722,2720,"POLYGON ((128000 485000, 128000 486000, 127000 486000, 127000 485000, 128000 485000))",0.0,0.0,0.005128205128205128,0.005128205128205128,0.005128205128205128,0.010256410256410256,0.0,0.005128205128205128,0.0,0.005128205128205128,0.0,0.020512820512820513,0.010256410256410256,0.020512820512820513,0.010256410256410256,0.005128205128205128,0.015384615384615385,0.025641025641025644,0.015384615384615385,0.025641025641025644,0.005128205128205128,0.041025641025641026,0.0,0.020512820512820513,0.2512820512820513
723,2975,"POLYGON ((128000 486000, 128000 487000, 127000 487000, 127000 486000, 128000 486000))",0.005128205128205128,0.0,0.005128205128205128,0.0,0.005128205128205128,0.005128205128205128,0.0,0.010256410256410256,0.010256410256410256,0.0358974358974359,0.025641025641025644,0.020512820512820513,0.020512820512820513,0.015384615384615385,0.0,0.015384615384615385,0.010256410256410256,0.015384615384615385,0.025641025641025644,0.0,0.010256410256410256,0.015384615384615385,0.005128205128205128,0.0358974358974359,0.2923076923076923
724,225,"POLYGON ((128000 487000, 128000 488000, 127000 488000, 127000 487000, 128000 487000))",0.0,0.0,0.0,0.0,0.0,0.0,0.0,0.0,0.005128205128205128,0.0,0.0,0.0,0.0,0.005128205128205128,0.0,0.0,0.0,0.0,0.0,0.005128205128205128,0.005128205128205128,0.0,0.0,0.005128205128205128,0.02564102564102564
725,20,"POLYGON ((128000 488000, 128000 489000, 127000 489000, 127000 488000, 128000 488000))",0.0,0.0,0.0,0.0,0.0,0.0,0.0,0.0,0.0,0.0,0.0,0.0,0.0,0.010256410256410256,0.0,0.0,0.0,0.0,0.0,0.0,0.0,0.0,0.0,0.0,0.010256410256410256
729,40,"POLYGON ((128000 492000, 128000 493000, 127000 493000, 127000 492000, 128000 492000))",0.0,0.0,0.0,0.0,0.0,0.0,0.015384615384615385,0.0,0.0,0.0,0.0,0.0,0.0,0.005128205128205128,0.0,0.0,0.005128205128205128,0.0,0.0,0.0,0.0,0.0,0.0,0.0,0.02564102564102564
732,2195,"POLYGON ((129000 478000, 129000 479000, 128000 479000, 128000 478000, 129000 478000))",0.0,0.0,0.0,0.0,0.0,0.0,0.005128205128205128,0.0,0.005128205128205128,0.010256410256410256,0.010256410256410256,0.015384615384615385,0.015384615384615385,0.0,0.010256410256410256,0.010256410256410256,0.005128205128205128,0.005128205128205128,0.005128205128205128,0.010256410256410256,0.005128205128205128,0.010256410256410256,0.0,0.0,0.12307692307692308
733,1960,"POLYGON ((129000 479000, 129000 480000, 128000 480000, 128000 479000, 129000 479000))",0.015384615384615385,0.0,0.0,0.0,0.005128205128205128,0.005128205128205128,0.005128205128205128,0.0,0.010256410256410256,0.010256410256410256,0.015384615384615385,0.0,0.025641025641025644,0.010256410256410256,0.010256410256410256,0.0,0.010256410256410256,0.010256410256410256,0.005128205128205128,0.0,0.010256410256410256,0.005128205128205128,0.0,0.0,0.15384615384615385
734,60,"POLYGON ((129000 480000, 129000 481000, 128000 481000, 128000 480000, 129000 480000))",0.010256410256410256,0.0,0.0,0.0,0.0,0.0,0.0,0.005128205128205128,0.0,0.0,0.0,0.0,0.0,0.0,0.0,0.0,0.0,0.0,0.0,0.0,0.0,0.0,0.0,0.0,0.015384615384615385
735,145,"POLYGON ((129000 481000, 129000 482000, 128000 482000, 128000 481000, 129000 481000))",0.010256410256410256,0.0,0.0,0.005128205128205128,0.0,0.0,0.0,0.0,0.0,0.010256410256410256,0.0,0.0,0.005128205128205128,0.0,0.0,0.0,0.0,0.0,0.0,0.0,0.0,0.0,0.0,0.0,0.030769230769230767
738,2915,"POLYGON ((129000 484000, 129000 485000, 128000 485000, 128000 484000, 129000 484000))",0.010256410256410256,0.005128205128205128,0.005128205128205128,0.005128205128205128,0.0,0.005128205128205128,0.010256410256410256,0.010256410256410256,0.010256410256410256,0.0,0.010256410256410256,0.005128205128205128,0.005128205128205128,0.005128205128205128,0.0,0.010256410256410256,0.010256410256410256,0.010256410256410256,0.005128205128205128,0.010256410256410256,0.025641025641025644,0.005128205128205128,0.03076923076923077,0.046153846153846156,0.24102564102564103
739,9695,"POLYGON ((129000 485000, 129000 486000, 128000 486000, 128000 485000, 129000 485000))",0.010256410256410256,0.020512820512820513,0.020512820512820513,0.020512820512820513,0.005128205128205128,0.025641025641025644,0.025641025641025644,0.005128205128205128,0.046153846153846156,0.03076923076923077,0.020512820512820513,0.05641025641025641,0.05641025641025641,0.05641025641025641,0.041025641025641026,0.015384615384615385,0.046153846153846156,0.06666666666666667,0.0358974358974359,0.046153846153846156,0.041025641025641026,0.03076923076923077,0.046153846153846156,0.010256410256410256,0.7794871794871795
742,175,"POLYGON ((129000 488000, 129000 489000, 128000 489000, 128000 488000, 129000 488000))",0.0,0.0,0.0,0.0,0.0,0.0,0.0,0.0,0.0,0.0,0.010256410256410256,0.0,0.0,0.0,0.0,0.0,0.0,0.0,0.0,0.0,0.0,0.0,0.0,0.0,0.010256410256410256
743,315,"POLYGON ((129000 489000, 129000 490000, 128000 490000, 128000 489000, 129000 489000))",0.0,0.0,0.015384615384615385,0.0,0.005128205128205128,0.005128205128205128,0.005128205128205128,0.005128205128205128,0.0,0.0,0.0,0.0,0.0,0.010256410256410256,0.005128205128205128,0.005128205128205128,0.0,0.0,0.0,0.005128205128205128,0.005128205128205128,0.0,0.0,0.0,0.06666666666666667
746,15,"POLYGON ((129000 492000, 129000 493000, 128000 493000, 128000 492000, 129000 492000))",0.0,0.0,0.0,0.0,0.0,0.0,0.005128205128205128,0.0,0.0,0.0,0.0,0.0,0.0,0.005128205128205128,0.0,0.0,0.0,0.0,0.0,0.0,0.0,0.0,0.0,0.0,0.010256410256410256
748,1450,"POLYGON ((130000 479000, 130000 480000, 129000 480000, 129000 479000, 130000 479000))",0.005128205128205128,0.0,0.005128205128205128,0.010256410256410256,0.0,0.0,0.0,0.0,0.0,0.020512820512820513,0.015384615384615385,0.010256410256410256,0.010256410256410256,0.020512820512820513,0.010256410256410256,0.010256410256410256,0.005128205128205128,0.015384615384615385,0.010256410256410256,0.010256410256410256,0.005128205128205128,0.020512820512820513,0.0,0.020512820512820513,0.20512820512820512
749,215,"POLYGON ((130000 480000, 130000 481000, 129000 481000, 129000 480000, 130000 480000))",0.0,0.0,0.0,0.0,0.0,0.0,0.0,0.0,0.0,0.005128205128205128,0.0,0.0,0.005128205128205128,0.0,0.0,0.0,0.0,0.005128205128205128,0.0,0.005128205128205128,0.0,0.0,0.0,0.0,0.020512820512820513
752,4965,"POLYGON ((130000 484000, 130000 485000, 129000 485000, 129000 484000, 130000 484000))",0.025641025641025644,0.020512820512820513,0.010256410256410256,0.020512820512820513,0.005128205128205128,0.005128205128205128,0.005128205128205128,0.005128205128205128,0.005128205128205128,0.0358974358974359,0.025641025641025644,0.041025641025641026,0.03076923076923077,0.025641025641025644,0.015384615384615385,0.020512820512820513,0.0358974358974359,0.010256410256410256,0.010256410256410256,0.015384615384615385,0.03076923076923077,0.025641025641025644,0.020512820512820513,0.015384615384615385,0.46153846153846156
753,365,"POLYGON ((130000 485000, 130000 486000, 129000 486000, 129000 485000, 130000 485000))",0.0,0.0,0.0,0.0,0.0,0.005128205128205128,0.0,0.0,0.005128205128205128,0.010256410256410256,0.005128205128205128,0.0,0.0,0.0,0.0,0.0,0.0,0.005128205128205128,0.0,0.0,0.0,0.0,0.0,0.0,0.030769230769230767
756,0,"POLYGON ((130000 488000, 130000 489000, 129000 489000, 129000 488000, 130000 488000))",0.0,0.0,0.0,0.010256410256410256,0.0,0.0,0.0,0.0,0.0,0.0,0.005128205128205128,0.0,0.0,0.0,0.0,0.0,0.0,0.0,0.0,0.0,0.0,0.0,0.0,0.0,0.015384615384615385
758,15,"POLYGON ((130000 490000, 130000 491000, 129000 491000, 129000 490000, 130000 490000))",0.0,0.0,0.0,0.0,0.0,0.0,0.0,0.0,0.0,0.0,0.0,0.0,0.0,0.0,0.005128205128205128,0.0,0.0,0.0,0.0,0.0,0.0,0.0,0.0,0.0,0.005128205128205128
759,0,"POLYGON ((130000 491000, 130000 492000, 129000 492000, 129000 491000, 130000 491000))",0.0,0.0,0.0,0.0,0.0,0.0,0.0,0.0,0.0,0.0,0.0,0.0,0.0,0.010256410256410256,0.0,0.010256410256410256,0.0,0.0,0.0,0.0,0.0,0.0,0.0,0.0,0.020512820512820513
